N°,Institucion,Departamento,Provincia,Distrito,Representante,Sector
1,Vida Instituto para la Proteccion del Medio Ambiente,Lima,Callao,Bellavista,Alfaro Medina  Arturo Enrique,Mujer y Poblaciones Vulnerables/Salud/
2,10 Veces Mejor   ,Lima,Lima,Lima,Cabezas Palomino  Juan Ricardo,Educacion/Mujer y Desarrollo Social/
3,Accion Cristiana Integral para el Desarrollo,Huánuco,Leoncio Prado,Rupa-Rupa,Navarro Tanchiva  Nelson,Educacion/Mujer y Desarrollo Social/Salud/
4,Acción Humanitaria sin Fronteras,Lima,Lima,Los Olivos,Pulido Castillo  Juan Guillermo,Educacion/Mujer y Desarrollo Social/Salud/
5,Acción para Ayudar,Piura,Piura,Castilla,Oviedo Rojas  Fany Marcela,Mujer y Poblaciones Vulnerables/
6,Agencia Adventista para el Desarrollo y Recursos Asistenciales - Perú,Lima,Lima,Miraflores,Vergara Serrano  Plinio Rogelio,Educacion/Mujer y Desarrollo Social/Salud/Otros/
7,Alcance Mundial - Perú,Lima,Lima,Pachacamac,Barriento  Juan Pablo,Mujer y Desarrollo Social/
8,Aldeas Infantiles SOS Perú - Asociación Nacional,Lima,Lima,San Isidro,Aphang Lam  Rober Liuwaifon,Mujer y Desarrollo Social/
,,,,,Martinez Pacheco  Nancy,
9,Alianza de Apoyo al INEN,Lima,Lima,Surquillo,Pun Salinas De Rivera  Flor Maria,Salud/
10,Alternativas Sociales de Desarrollo - Perú,Lima,Lima,Pueblo Libre,De La Torre Delgado  Julio Enrique,Salud/
11,Amazon Promise,Loreto,Maynas,Iquitos,Webster  Patricia Marie,Mujer y Desarrollo Social/Salud/
12,Ambassadors Medical Outreach And Relief Projects,Ucayali,Coronel Portillo,Campoverde,Mathews Paredes  Richard,Salud/
13,Ambiente y Desarrollo de las Comunidades del Perú,Lima,Lima,Miraflores,Xiaodong  Ji Wu,Educación/
14,AMG International Advancing The Ministeries Of The Gospel In Peru,Lima,Lima,San Isidro,Apon Izquierdo  Jose Agustin,Mujer y Desarrollo Social/Salud/
15,Amistad Perú Latinoamericana,Lima,Lima,La Molina,Sakay Honma  Oscar Mauricio,Educacion/Mujer y Desarrollo Social/
16,Andean Alliance,Lima,Lima,Santiago De Surco,Morris  Diana Bernita,Mujer y Poblaciones Vulnerables/
17,Angeles de Ayuda,Lima,Lima,San Juan De Lurigancho,Virreyra Duran  Tania Betsabe,Mujer y Poblaciones Vulnerables/
18,Aprendiendo a Triunfar,Lima,Callao,Callao,Dolorier Garcia  Juan Francisco,Mujer y Poblaciones Vulnerables/
19,APRONIA (Asociacion para la Protección del Niño y del Adolescente),Madre De Dios,Tambopata,Tambopata,Romero Roldan  Jennifer Christie,Mujer y Desarrollo Social/
20,Armonizar,Lima,Lima,San Borja,Lopez De Romaña  Carlos Bisso,Ambiente/Educación/
21,Armonizar Arequipa,Arequipa,Arequipa,Arequipa,Zegarra Aguilar  Adolfo Manuel,Educación/Mujer y Desarrollo Social/Salud/
22,Arpegio,La Libertad,Trujillo,Trujillo,Rodriguez Gonzalez  Joe,Educación/ Mujer y Poblaciones Vulnerables/
23,Asica Tumi ONG,Lima,Lima,San Borja,Egusquiza Molina  Ernesto Oswaldo,Desarrollo e Inclusión Social/Educación/Salud/
24,Asis Peru Internacional,Lima,Lima,Lince,Alburqueque Vilcherrez  Santos Sabino,Cultura/ Mujer y Poblaciones Vulnerables/Ambiente/ Trabajo y Promoción del Empleo/
25,Asociación Santa María de Nazaret y Divino Niño - Asamnadin,Lima,Lima,Villa El Salvador,Huaman Ortega  Irene,Mujer y Poblaciones Vulnerables/
26,Asociación Achalay                                                                                                      ,Lima,Lima,Santiago De Surco,Aubert Maillefer  Nelly Fernande,Mujer y Desarrollo Social/Salud/
27,Asociación Albergue para Enfermos de Cancer Señor de la Divina Misericordia,Lima,Lima,Surquillo,Therese Huamani  Nelly Isabel,Mujer y Desarrollo Social/
28,Asociación Amigos de Villa,Lima,Lima,Villa El Salvador,Tenorio Moron  Nolberto Emilio,Educación/
29,Asociación Angelitos Perú,Lima,Lima,Lima,Delgado Barreda  Rosa Maria,Mujer y Poblaciones Vulnerables/
30,Asociacion Aprendo Contigo,Lima,Lima,Miraflores,Vargas Ghersi  Pamela Romina Martina,Educación/Mujer Y Desarrollo Social/Salud/
31,Asociacion Arco Iris,Ancash,Huaraz,Huaraz,Stunt Puyoles  Elisabeth,Salud/
32,Asociación Asistencial Multisectorial En-Hacore Manantial del Que Clama,Lima,Lima,Lima,Caycho Alfaro  Magda Francisca,Educación/Mujer y Desarrollo Social/
33,Asociación Bautista del Sur del Perú,Tacna,Tacna,Coronel Gregorio Albarracin,Derek Morrow  Trevor William,Educación/Salud/
34,Asociación Bautista Hogar para Menores Nueva Esperanza,Arequipa,Arequipa,Cerro Colorado,Rivera Loaiza  Felix Bertin,Mujer y Poblaciones Vulnerables/
35,Asociación Bautista Manantial de Amor,Lima,Lima,San Juan De Lurigancho,Lopez Villar  Jorge Luis,Educacion/Mujer y Desarrollo Social/
36,Asociación Beit Jabad Lubavitch del Perú,Lima,Lima,San Isidro,Blumenfeld Pulner  Schneur Zalman,Mujer y Desarrollo Social/
37,Asociación Benéfica de Rehabilitación Misión por los Niños,Lima,Callao,Bellavista,Nole Mauricio  Jeannette Phaola,Educacion/Mujer y Desarrollo Social/Salud/
38,Asociación Benéfica Maria Echevarria Saona,Lima,Lima,Santiago De Surco,Gutierrez Echevarria  Juana Cristina,Mujer y Desarrollo Social/Salud/
39,Asociacion Benefica Prisma                                                                                       ,Lima,Lima,San Miguel,Haustein Van Ginhoven  Carmen Delia,Educación/Salud/
40,Asociacion Benefico Cristiana Promotora de Desarrollo Integral,Cusco,Cusco,Cusco,Bardales Arrue  Yracema Del Pilar,Educación/Salud/
41,Asociación Betsaida,La Libertad,Trujillo,Trujillo,Pinedo Patrnogic  Luis Ricardo,Educación/
42,Asociación Bridge The Gap Inc,Loreto,Maynas,Iquitos,Bobst  Charles Lester,Educacion/Salud/
43,Asociación Casa Chapi,Arequipa,Arequipa,Arequipa,Tejeda Barzola  Mario Alejandro,Mujer y Poblaciones Vulnerables/
44,Asociación Casa Hogar Padre Martinho,Lima,Lima,Santiago De Surco,Alatrista Perez  Jorge Abel,Educacion/Salud/Otros/
45,Asociación Centro Cristiano Reto a la Esperanza,Lima,Lima,Magdalena Del Mar,Jara Dora  David Esteban,Educacion/Mujer y Desarrollo Social/Salud/
46,Asociación Centro Cristiano Vida Abundante                                                                             ,Loreto,Maynas,San Juan Bautista,Unterschuetz  Bruce Gotlieb,Cultura/Educacion/
47,Asociación Centro Social Hijos De Ponto (ACSHP),Lima,Lima,Puente Piedra,Vilca Verde  Marino Maximo,Educacion/Mujer y Desarrollo Social/
48,Asociacion Chami Radio 1140,Lima,Lima,Pueblo Libre,Doorack Lober  Ralph Joseph,Educación/
49,Asociacion Chico Latino,Cusco,Cusco,San Sebastian,Mendoza Huaman  Alfonso,Educacion/Mujer y Desarrollo Social/
50,Asociacion Ciudad De Los Niños De La Inmaculada,Lima,Lima,San Juan De Miraflores,Costa Montoya  Angel,Educacion/Salud/Trabajo Y Promocion Social/Pcm/
51,Asociacion Cívica al Desarrollo Regional Perú (Asociader-Perú),Lima,Callao,Callao,Morales Huete  Lucio Basilio,Educacion/Salud/
52,Asociacion Civil Divino Niño Jesus,Lima,Lima,San Borja,Gupio Alvarado De Asmat  Maria Julia,Salud/
53,Asociacion Civil Properu Service Corps,Cusco,Cusco,Wanchaq,Webb Mannock  Richard Andrew,Educación/Mujer y Desarrollo Social/Salud/
54,Asociacion Civil -ONG- Ayudando Peru,Lima,Lima,Jesus Maria,Barnuevo Kaisen  Ricardo Alberto,Mujer y Poblaciones Vulnerables/Desarrollo e Inclusión Social/
55,Asociacion Civil Abrigo Y Proteccion Al Desamparado,Lima,Callao,Callao,Villacorta Linares  Aida,Educacion/Mujer y Desarrollo Social/Salud/
56,Asociacion Civil Centro de Producción y Vida Rural Carolina del Norte,Piura,Sullana,Bellavista,Vigo Flores  Jose,Educacion/Mujer y Desarrollo Social/
57,Asociacion Civil contra el Hambre y la Miseria en Paramonga,Lima,Barranca,Paramonga,Ortega Narvaez  Jose Domingo,Mujer y Desarrollo Social/
58,Asociación Civil contra el Tabaquismo y de Promoción de Donación de Organos,Lima,Lima,Lince,Iturregui Obregon  Mario,Salud/
59,Asociacion Civil de Apoyo Permanente a La Niñez,Lima,Lima,San Borja,Rodriguez Chavez De Diaz  Zoila Aurora,Educación/Mujer y Desarrollo Social/Salud/
60,Asociación Civil de Personas con Discapacidad Corazones Unidos con Esperanza del Bajo Piura,Piura,Sechura,Vice,Lopez Amaya  Maria Rosa,Educacion/Salud/
,,,,,Rivas Agurto  Walter Eduwin,
61,Asociación Civil Deportiva y Cultural Agremiacion Deportiva del Callao,Lima,Callao,La Perla,Rivera Chauca  Oscar Lizardo,Mujer y Poblaciones Vulnerables/
62,Asociacion Civil Derechos Humanos Peru,Lima,Callao,Callao,Carbajal Aquise  Williams Jesus,Educacion/Mujer y Desarrollo Social/
63,Asociacion Civil Diospi Suyana Radio & Tv,Apurimac,Abancay,Curahuasi,Dieter John  Klaus,Mujer y Poblaciones Vulnerables/
64,Asociación Civil Ilo ONG'D,Moquegua,Ilo,Ilo,Manrique Ramos  Jose Alberto,Mujer y Desarrollo Social/Salud/
65,Asociacion Civil Impacta Salud y Educación,Lima,Lima,Barranco,Ojeda Celi  Jose Joaquin,Educacion/Salud/
,,,,,Sanchez Fernandez  Jorge Luis,
,,,,,Villaseca Carrasco  Raul,
66,Asociación Civil La Estrellita de Dios,Lima,Callao,Callao,Gonzales Vertiz  Oscar Alejandro,Mujer y Poblaciones Vulnerables/
67,Asociacion Civil Living Water International Peru,Cajamarca,Cajamarca,Cajamarca,Rivera Cueva  Jaime Rafael,Salud/Trabajo y Promocion Social/
68,Asociacion Civil Madres Unidas Independientes,Lima,Lima,San Martin De Porres,Ormeño Huaman  Leonor,Mujer y Desarrollo Social/
69,Asociacion Civil Monte Sion,Cajamarca,Cajamarca,Cajamarca,Chavez Moya  Helmer Julio,Educacion/Mujer y Desarrollo Social/Salud/
70,Asociacion Civil Nuestra Señora del Valle,Junín,Huancayo,Huancayo,Barreto Jimeno  Pedro,Educacion/Mujer y Desarrollo Social/Trabajo y Promoción Social/Otros/
71,Asociacion Civil Organismo No Gubernamental De Desarrollo - Apoyo a los Niños Desamparados y Adulto Mayor,Lambayeque,Chiclayo,Pimentel,Jimenez Garcia  Martha Dominica,Educación/Mujer y Desarrollo Social/
72,Asociacion Civil Organismo No Gubernamental De Desarrollo Asistencia Social Integral Para Mejoras De Condicion De Vida - Asimcv,Lambayeque,Chiclayo,Pimentel,Chuquizuta Mendoza  Emerson,Mujer y Poblaciones Vulnerables/
73,Asociación Civil Organismo No Gubernamental de Desarrollo Oasis de Esperanza,Cajamarca,Chota,Chota,Osores Quispe  Manuel Absalon,Cultura/ Mujer y Poblaciones Vulnerables/Educación/
74,Asociacion Civil Organismo No Gubernamental En Desarrollo El Buen Sembrador,Cajamarca,Jaen,Jaen,Estela Huerta  Aquior,Mujer y Poblaciones Vulnerables/Agricultura y Riego/Economía y Finanzas/
75,Asociacion Civil Organizacion No Gubernamental Profesionales Manos Solidarias,Ica,Ica,Ica,Praeli Rojas  Carlos Manuel Edmundo,Educacion/Mujer y Desarrollo Social/
76,Asociacion Civil para el Desarrollo y Asistencia Humanitaria Amor en Acción,La Libertad,Trujillo,Trujillo,Artidoro Alvan Carranza  Cesar Atilio,Mujer y Desarrollo Social/
77,Asociacion Civil para el Fomento de la Educacion en el Perú,Ancash,Santa,Nuevo Chimbote,Arbulu Arbulu  Guillermo Ricardo,Mujer y Poblaciones Vulnerables/Educacion/
78,Asociacion Civil Paradigma,Lima,Lima,La Molina,Tataje Salas  Gustavo Hernan,Educación/Mujer y Desarrollo Social/
79,Asociacion Civil Por La Salud La Educacion Y El Trabajo Los Hijos Del Sol ,Lima,Lima,San Isidro,Ortiz Alvarado  Leonardo Miguel,Mujer y Desarrollo Social/
80,Asociacion Civil Promotora De Salud Social Prosalud-Calca,Cusco,Calca,Calca,Nuñez Del Prado Miranda  Guido Alfredo,Educación/Mujer y Desarrollo Social/Salud/Otros/
81,Asociacion Civil que Integran los Pueblos de La Cordillera Negra y Parte de la Cordillera Blanca de La Region Ancash Zona Sierra,Ancash,Huaraz,Huaraz,Diaz Asto  Segundo Antonio,Educación/Mujer y Desarrollo Social/Salud/
82,Asociación Civil Religiosa Amazon Medical Missions,Loreto,Maynas,San Juan Bautista,Dempsey  Michael James,Educacion/Salud/Otros/
83,Asociación Civil Religiosa Diospi Suyana,Apurimac,Abancay,Curahuasi,Dieter John  Klaus,Educacion/Salud/
84,Asociación Civil Santa Ana,Lambayeque,Chiclayo,Jose Leonardo Ortiz,Salas Montenegro  Juan Victor,Educacion/Mujer y Desarrollo Social/
85,Asociación Civil Santa Teresa - Abancay,Apurimac,Abancay,Abancay,Vidal Zapatero  Cristina,Mujer y Poblaciones Vulnerables/
86,Asociación Civil Servicios Generales Madre De Cristo,La Libertad,Trujillo,La Esperanza,Pajuelo Ureña  Rosalinda,Mujer y Desarrollo Social/Salud/
87,Asociación Civil Trabajando por los Pobres del Perú,Lima,Lima,Santiago De Surco,Rojas Vasquez  Leandro Victor,Mujer y Desarrollo Social/
88,Asociación Civil Villa Milagro,Cajamarca,Cajamarca,Cajamarca,Jean Johnson  Larry,Educacion/Mujer y Desarrollo Social/
89,Asociación Civil y Religiosa Iglesia Catolica Apostolica Renovada En Perú (Icarpe),Lima,Lima,Pueblo Libre,Iriarte Blas  Juan Ernesto,Mujer y Desarrollo Social/
90,Asociación Comunidad Cristiana de Arequipa,Arequipa,Arequipa,Arequipa,Santos Paxi  Daniel Nicanor,Educación/Mujer y Desarrollo Social/
91,Asociación Comunión Promoción Desarrollo y Liberación Coprodeli,Lima,Callao,Callao,Ranera Sanchez-Pardo  Miguel,Educación/Salud/
92,Asociación Congregación Sociedad Misionera de San Pablo - Arequipa,Arequipa,Arequipa,Cayma,Cefai  Giovanni,Educación/
93,Asociación Corporación Asaf,Lima,Lima,Magdalena Del Mar,Vicente Medina  Pilar  Maritza,Educación/Mujer y Desarrollo Social/Salud/
94,Asociación Creando Sueños,Lima,Lima,Barranco,Diminich Paredes  Ana Paola,Mujer y Poblaciones Vulnerables/Educación/
95,Asociación Cristiana Amparo,Lima,Lima,Chaclacayo,Davila Chocano  Mario Alberto Carlos,Mujer y Poblaciones Vulnerables/
96,Asociación Cristiana de Cooperación Humanitaria Buenas Nuevas,Lima,Lima,Los Olivos,Padilla Romero  Javier Rommel,Mujer y Desarrollo Social/Salud/
97,Asociación Cristiana Erkhetai,Ica,Pisco,Tupac Amaru Inca,Villaverde De La Cruz  Diano Teófilo,Educación/Mujer Y Desarrollo Social/Trabajo y Promoción Social/PCM/
98,Asociación Cristiana Evangelica para el Desarrollo,Lima,Lima,Santiago De Surco,Alarcon Alarcon  Ernesto,Educación/Mujer y Desarrollo Social/Salud/
,,,,,Choquehuanca Chinguel  Maria Teresa,
99,Asociación Cristiana Iglesia de Dios,Piura,Talara,Pariñas,Vilchez Ramirez  Jorge,Mujer y Desarrollo Social/
100,Asociación Cristiana Misionera Vida Nueva,Lima,Lima,Rimac,Vega Condezo  Daniel,Educacion/Mujer y Desarrollo Social/Salud/
101,Asociación Cristiana Peruanos En Accion,Lima,Callao,Callao,Serquen Benites  Ricardo Manuel,Mujer y Poblaciones Vulnerables/
102,Asociación Cristiana Restaurando Vidas en la Amazonía,Loreto,Maynas,Punchana,Videira Reategui  Marie Jackeline,Mujer Y Poblaciones Vulnerables/
103,Asociación Cristiania                                                                                                   ,Lima,Lima,Chorrillos,Soto Gonzales De Montoya  Maria Haydee,Educación/
104,Asociación Cultural Bethel,Lima,Lima,La Victoria,Espejo Luna Victoria  Juan Andres,Educación/Salud/
,,,,,Gonzalez Cruz  Rodolfo,
105,Asociacioó Cultural Deportivo Club Atletico Pachacutec,Lima,Lima,San Isidro,Ortiz Alvarado  Leonardo Miguel,Educación/Mujer y Desarrollo Social/
106,Asociación Cultural Entidades Latinoamericanas Comunicando el Evangelio,Lima,Lima,Lima,Vega Jara  Marta Nieves,Educación/
107,Asociación Cultural Johannes Gutenberg                                                                                  ,Lima,Lima,El Agustino,Poganatz Wuster  Dirk,Educación/Mujer y Desarrollo Social/Salud/
108,Asociación Cultural para Ayudar a la Niñez - Pan,Lima,Lima,La Molina,Amable Lazon  Alfredo Eduardo,Educación/
109,Asociación Cultural Radiodifusora y Televisión Nuevo Tiempo,Lima,Lima,Chaclacayo,Alvarez Turpo  Kleber Eliezer,Educación/
110,Asociación Cultural sin Fines de Lucro Qantu,Cusco,Cusco,Cusco,Canelo Marcet  Flor De Maria Martina,Cultura/Educación/
111,Asociación Cuna Amistad Peruano-Francesa,Arequipa,Arequipa,Arequipa,Seijas Bejarano  Maria Luz,Mujer y Poblaciones Vulnerables/
112,Asociación Db Perú,Lima,Lima,Miraflores,Darleen Diane  Bowie,Educacion/Mujer Y Desarrollo Social/Salud/
113,Asociación de Apoyo en el Desarrollo Integral del Niño,Lima,Lima,Chorrillos,Quiñones Bolo  Sandra,Mujer y Poblaciones Vulnerables/Salud/
114,Asociación de Apoyo Social Redondos,Lima,Huaura,Huacho,Arnillas Denegri  Carlos Emilio,Educacion/Mujer y Desarrollo Social/Salud/
115,Asociación de Apoyo y Promoción del Excepcional Yancana Huasy,Lima,Lima,San Juan De Lurigancho,Patron Quispe  Jose Antonio,Educación/
,,,,,Colgan Joaquim  Arthur Joseph,
116,Asociación de Ayuda al Niño Quemado ,Lima,Lima,Jesus Maria,Rodriguez Vilca  Victor Raul,Educacion/Mujer y Desarrollo Social/Salud/
117,Asociación de Ayuda Humanitaria al Prójimo de Extrema Pobreza en el Perú,Lima,Lima,Lima,Yparraguirre Carhuallanqui  Esther Graciela,Mujer y Poblaciones Vulnerables/
118,Asociación de Ayuda Humanitaria Unidos en Dios,Lima,Lima,San Martin De Porres,Gordillo Neyra  Roman Arnaldo,Mujer y Desarrollo Social/
119,Asociación de Ayuda Integral Peruana,Lima,Lima,Jesus Maria,Mariño Vigo  Carlos Ramiro,Educacion/Salud/
120,Asociacion de Ayuda para el Desarrollo de Pobladores en Extrema Pobreza del Perú,Lima,Callao,Carmen De La Legua Reynoso,Charcape Saldaña  Manuel Humberto,Mujer y Desarrollo Social/Salud/
121,Asociación de Caridades San Vicente,Lima,Lima,Miraflores,Morra De Altamirano  Patricia,Mujer y Desarrollo Social/
122,Asociación de Construcción Civil Múltiple Empresarial y Artesanal de Paita,Piura,Paita,Paita,Ortiz Bances  Alejandro,Mujer y Desarrollo Social/
123,Asociación de Cooperación Técnica Internacional,Lima,Lima,San Isidro,Ainy  Jacob,Transportes y Comunicaciones/
124,Asociación de Damas de Ayuda al Enfermo con Cáncer,Piura,Piura,Piura,Cuadros De Espinoza  Claudia Maria Gloria,Salud/Trabajo y Promoción Social/
125,Asociación de Diabetes del Perú,Lima,Lima,Santiago De Surco,Valdivia Portugal  Angelica Maria,Mujer y Poblaciones Vulnerables/Salud/
126,Asociación de Discapacitados de Huaycan-Ate,Lima,Lima,Ate,Coronel Benites  Zacarias, Mujer Y Poblaciones Vulnerables/
127,Asociación de Discapacitados Unidos para la Educacion Salud y Trabajo,Lima,Lima,Rimac,Cristobal Alfaro  Angela,Educacion/Trabajo Y Promocion Social/
128,Asociación de Emprendimiento y Bienestar para el Desarrollo Solidario,Lima,Lima,San Juan De Miraflores,Peña Ambulay  Jhon Carlos,Educación/
129,Asociación de Espina Bifida e Hidrocefalia del Perú,Lima,Lima,Rimac,Pino Diaz  Gilda Delmy,Educacion/Salud/
130,Asociación de ex pacientes del Hogar Clínica San Juan de Dios,Lima,Lima,Comas,Perez Palomino  Luis Eduardo,Mujer y Poblaciones Vulnerables/
131,Asociación de Guías de Montaña del Perú,Ancash,Huaraz,Huaraz,Figueroa Chavez  Rafael Saturnino,Educacion/
132,Asociación de Guías Oficiales de Caminata del Perú,Ancash,Huaraz,Independencia,Zarzosa Ramos  Pepe Raul,Cultura/ Mujer y Poblaciones Vulnerables/Comercio Exterior y Turismo/
133,Asociación de Hermanos Obreros de Jesús,Lima,Lima,San Miguel,Rodriguez Rodriguez  Manuel,Educacion/Mujer Y Desarrollo Social/Salud/
134,Asociación de la Cultura Italiana Susana Agnelli,Piura,Piura,Castilla,Seminario Ramos  Fernando Alfonzo,Educación/
135,Asociación de las Bienaventuranzas,Lima,Lima,Villa Maria Del Triunfo,Sanchez Portillo  Omar Alonso,Mujer Y Poblaciones Vulnerables/
136,Asociación de los Testigos de Jehova                                                                                    ,Lima,Lima,Santiago De Surco,Liza Millones  Victor Jose,Educacion/Mujer Y Desarrollo Social/Otros/
137,Asociación de Ministerios Extremos del Perú,Arequipa,Arequipa,Arequipa,Tibbs  Brian Lee,Educacion/Mujer y Desarrollo Social/
138,Asociación de Mujeres del Perú en Apoyo a Nivel Nacional,Lima,Lima,Rimac,Ysla Guido  Margarita Ysabel,Cultura/ Mujer y Poblaciones Vulnerables/
139,Asociacion de Mujeres Innovadoras del Cerro Colorado,La Libertad,Chepen,Chepen,Villalobos De Blas  Rosa Amelia,Mujer y Desarrollo Social/
140,Asociación de Prevención Desarrollo Social y Bienestar Espiritual,Lima,Lima,Jesus Maria,Ortega Caballero  Pedro Pablo,Mujer y Poblaciones Vulnerables/
141,Asociación de Productores Agrarios y Madereros Cataratas de Osurco Organismo No Gubernamental de Desarrollo,Cajamarca,Jaen,Jaen,Vargas Loayza  Felix,Mujer y Poblaciones Vulnerables/Agricultura Y Riego/
142,Asociación de Salvavidas Voluntarios del Perú,Lima,Lima,Breña,Hermoza Alvarez Cabrera  Luis Eustaquio,Educación/
143,Asociación de Trabajadores Sociales Benefactores de Servicios Múltiples Las Mercedes,Lima,Lima,Breña,Luque Corimayhua  Basilio Victor,Educacion/Mujer y Desarrollo Social/Salud/
144,Asociación del Voluntariado del Puericultorio Pérez Araníbar,Lima,Lima,Magdalena Del Mar,Palacios Montoya  Maria Del Rosario,Mujer y Desarrollo Social/
145,Asociacion Deportiva Yong Taekwondo Academy,Lima,Lima,Rimac,Yong Espino  Fernando Wilder,Cultura/ Mujer y Poblaciones Vulnerables/
146,Asociacion Diabet´S Control,Ica,Ica,Ica,Uchuya Campos  Miguel Carlos,Producción/Salud/
,,,,,Valencia Ferreyra  Carmen Esperanza,
147,Asociacion Dignidad,La Libertad,Trujillo,Trujillo,Benites Espinoza  Diego Giulliano,Educación/Mujer y Desarrollo Social/Salud/
148,Asociacion Dios Proveera,Lima,Lima,Jesus Maria,Murillo Briceño  Ada Melissa,Cultura/ Mujer Y Poblaciones Vulnerables/
149,Asociacion Educa Pacifico San Felipe,Lima,Lima,Comas,Suclly Amanqui  Daniel Leonidas,Mujer y Desarrollo Social/ Cultura/Educación/
150,Asociacion Educativa Cristiana Vida,Lima,Lima,Villa Maria Del Triunfo,Castañeda Silva  Cesar Augusto,Cultura/ Mujer y Poblaciones Vulnerables/
151,Asociacion Educativa Ideas Perú,Lima,Lima,Pueblo Libre,Espinoza Torres  Dina,Agricultura/Educacion/Salud/Vivienda Construcción Y Saneamiento/
152,Asociacion El Futuro es Nuestro ,Lima,Lima,Jesus Maria,Acasuzo Villanueva  Claudia Cristina,Mujer y Desarrollo Social/
153,Asociacion El Hogar de la Madre,Lima,Lima,Miraflores,Isola De Lavalle  Jose Antonio,Mujer y Poblaciones Vulnerables/
154,Asociacion Emasus San Martín de Porres,Lima,Lima,Villa Maria Del Triunfo,Muro Tirado  Marcelo Delfin,Mujer y Poblaciones Vulnerables/
155,Asociación Emaus Ayudanos a Ayudar,Lima,Lima,San Juan De Miraflores,Minchan Rios  Segundo Francisco,Mujer y Poblaciones Vulnerables/
156,Asociacion Emaus Corazon de Jesús,Lima,Lima,Villa Maria Del Triunfo,Minchan Rios  Carlos Enrique,Mujer y Poblaciones Vulnerables/Presidencia del Consejo de Ministros/
157,Asociacion Emaus Nuevo Progreso Villa Maria,Lima,Lima,Villa Maria Del Triunfo,Yauri Huari  Severo Glicerio,Mujer y Poblaciones Vulnerables/Presidencia del Consejo de Ministros/
158,Asociacion Emaus Renacer,Lima,Lima,Villa Maria Del Triunfo,Prado Perez  Gonzalo,Desarrollo e Inclusión Social/Educación/
159,Asociacion Emaus San Camilo,Lima,Lima,Villa Maria Del Triunfo,Solis Colana  Javier Antonio,Mujer y Desarrollo Social/
160,Asociacion Emaus San Vicentinos,Lima,Lima,Villa Maria Del Triunfo,Caja Guzman  Monica Sara,Mujer y Poblaciones Vulnerables/
161,Asociacion Emaus Solidaridad Y Apoyo,Lima,Lima,Villa Maria Del Triunfo,Sanchez Guerrero  German,Educacion/Mujer y Desarrollo Social/Salud/
162,Asociación Emmanuel                                                                                                     ,Lima,Lima,Jesus Maria,Sakoda Shinyashiki  Luis Tamotsu,Educación/Mujer y Desarrollo Social/Salud/Otros/
163,Asociación Esperanza y Caridad,Lima,Lima,Chorrillos,Garcia Rodriguez  Rosalia Amparo,Educación/Mujer y Desarrollo Social/Salud/
164,Asociación Evangelica de Cooperación Manos Unidas - Asecomu,Lima,Huaral,Chancay,Mata  Julio Cesar,Cultura/ Mujer y Poblaciones Vulnerables/Ambiente/Presidencia del Consejo de Ministros/Salud/
165,Asociacion Evangelica Esperanza Mundial,Loreto,Maynas,Iquitos,Kyle Carroll  Brandon,Mujer y Poblaciones Vulnerables/
166,Asociación Evangelica Iglesia Pentecostal de Santidad,Lima,Lima,Lima,Watanabe Sasaki  Jorge Luis,Educación/Salud/
167,Asociación Evangelica Siloe (AES),Lima,Lima,Santa Rosa,Tiznado Cabello  Jorge Luis,Mujer y Poblaciones Vulnerables/Educacion/
168,Asociación Familia Sana,Cajamarca,Cajamarca,Cajamarca,Castañeda Gamarra  Rosa Amalia,Educacion/Mujer Y Desarrollo Social/Salud/Otros/
,,,,,Rodriguez Villa  Jose Hildebrando,
169,Asociación Fundacion Contra el Hambre,Lima,Lima,Jesus Maria,Gamonal Garay  Noemi Pamela,Mujer y Desarrollo Social/
170,Asociación Hermano Thomas Helm,Lima,Callao,Callao,Valencia Malaga  Luis Santiago,Mujer y Poblaciones Vulnerables/
171,Asociación Hijas de San Pablo                                                                                           ,Lima,Lima,Lima,Capalbo  Maria Filomena,Educación/
172,Asociación Hogar Belén,Moquegua,Mariscal Nieto,Moquegua,Jose Mendoza  Alejandro,Mujer y Desarrollo Social/Trabajo y Promoción Social/Otros/
173,Asociación Humanitaria Jose Agustin Tamayo Rodriguez,Lima,Lima,Santiago De Surco,Tamayo Mendoza De Valdivia  Maria Encarnacion,Mujer y Poblaciones Vulnerables/Salud/
174,Asociación Humanitaria Menesterosos,Lima,Lima,Jesus Maria,Patiño Berdoni  Sara Lusmila,Mujer y Poblaciones Vulnerables/
175,Asociación Humanitaria Vida Feliz,Tacna,Tacna,Tacna,Bujanda Giraldo  Juan Jose,Educacion/Mujer y Desarrollo Social/
176,Asociación I.B.E. La Molina,Lima,Lima,La Molina,Bardales Inga  Miguel Angel,Educación/Mujer y Desarrollo Social/
177,Asociación Iglesia Adventista del Septimo día Peruana del Norte,Lima,Lima,Miraflores,Heidinger Zevallos  Edward,Educación/Mujer Y Desarrollo Social/Salud/
178,Asociacion Iglesia Evangelica Luminares en el Mundo,Lima,Lima,San Miguel,Avalos Siguenza  Benigno Javier,Mujer y Poblaciones Vulnerables/
179,Asociación Iglesias Pentecostales Autonomas,Lima,Lima,San Miguel,Calle Alvarado  Heber,Mujer y Poblaciones Vulnerables/Educación/
180,Asociación Instituto de Vigilancia Especializada en Oftalmologia - Ong'd,Ica,Ica,Ica,Yonz Buendia  Yessabell Sonia,Salud/
181,Asociación Integral para el Desarrollo del País (Asidep),Cajamarca,Cajamarca,Cajamarca,Llamoctanta Espinoza  Segundo Alamiro,Mujer y Desarrollo Social/
182,Asociación Integrando Vidas con Amor,Lima,Lima,Villa Maria Del Triunfo,Pineda Velasque  Marco Antonio,Educacion/Salud/
183,Asociación Integratorias Humanitarias de Desarrollo,Lima,Lima,Pueblo Libre,Meza Carrasco  Favio Gumercindo,Mujer y Poblaciones Vulnerables/Educación/
184,Asociación Internacional Mensajeros de la Paz                                                                           ,Lima,Lima,Chorrillos,Vassallo Doig De Larrea  Alina Del Carmen,Educación/Mujer y Desarrollo Social/Salud/Trabajo y Promoción Social/PCM/
185,Asociación Jesús el Buen Pastor,Lima,Callao,Bellavista,Reyes Pizarro  Juan Jose,Educacion/Mujer Y Desarrollo Social/Salud/
186,Asociación Juan Pablo Magno,Lima,Lima,Lurin,Hirsch  Joseph William,Mujer y Desarrollo Social/
187,Asociación Juntos en Acción para el Desarrollo de Los Pueblos,Lima,Lima,San Juan De Miraflores,Ramirez Quispe  Mario,Educacion/Mujer y Desarrollo Social/
188,Asociación Juvenil Imaginacion Peruana Inca,Piura,Piura,Veintiseis De Octubre,Rodriguez Fiestas  Hector Alexander,Mujer y Poblaciones Vulnerables/
189,Asociación las Manos de Dios                                                                                            ,Lima,Lima,San Miguel,Diaz Arce De Muñoz  Rosa,Educación/
190,Asociacion Las Siervas de Nuestra Señora de Fátima,Lima,Lima,Santiago De Surco,Creamer Maza De Arrieta  Consuelo Moraima,Salud/
191,Asociacion Latinoamericana de Biotecnologia,Lima,Lima,Santiago De Surco,Guio Chunga  Lelys Ivonne,Mujer y Desarrollo Social/Salud/
192,Asociación Liahona por los Niños del Perú,Lima,Lima,San Juan De Lurigancho,Galvez Diaz  Isabel Cristina,Mujer y Poblaciones Vulnerables/
193,Asociación Mejorando Vidas Hemodialisis Perú,Lima,Lima,Surquillo,Daza Anchante  Maria Yolanda,Mujer y Desarrollo Social/Salud/
194,Asociación Milagro del Divino Niño Jesús,Lima,Lima,San Juan de Miraflores,Aguad Vaccari De Musiris  Maria Estrella,Salud/
,,,,,Laca Barrera  Manuel Alberto,
195,Asociacion Ministerial Internacional Visión y Misión Hoy,Lima,Callao,Callao,Guerrero Tello  Nirma Isabel,Mujer y Poblaciones Vulnerables/Educacion/
196,Asociación Ministerio Evangelistico Dios de Pactos,Lima,Callao,Carmen De La Legua Reynoso,Valdera Vidalon  Rosa Elvira,Mujer y Poblaciones Vulnerables/
197,Asociación Ministerio Internacional Evangelistico Libertad,Lima,Lima,Ate,Tenazoa Alva  Jan Paul,Educacion/Justicia/Mujer y Desarrollo Social/Salud/Trabajo y Promocion Social/Vivienda y Construcción/Otros/
198,Asociación Misión Pax Tv,Lima,Lima,Santiago De Surco,Blest Gonzales  Blanca Cecilia,Mujer y Desarrollo Social/
199,Asociación Misionera Anci,Lima,Lima,Villa El Salvador,Anton Cifuentes  Dina Raquel,Trabajo y Promocion Social/
200,Asociación Misionera Bautista de las Américas del Perú (A.M.B.A. Perú),Junín,Tarma,Tarma,Tinoco Lopez  Paul,Mujer y Desarrollo Social/
201,Asociación Misionera Trabajando por un Mundo Liberado del Hambre,Arequipa,Islay,Dean Valdivia,Gutierrez Juarez  Guido Juan,Educacion/Mujer y Desarrollo Social/
202,Asociación Misma Luna,Lima,Lima,Santiago De Surco,Rodriguez Preciado  Edith,Mujer y Poblaciones Vulnerables/Educación/
203,Asociación Multisectorial Cristiana Monte de Jehova,Lima,Lima,Comas,Schambaher Moretti  Carlos Augusto,Desarrollo e Inclusión Social/Educación/Salud/
204,Asociación Niños a la Vida,Lima,Lima,Pachacamac,Torres Mansilla  Jose Rafael,Educación/Mujer y Desarrollo Social/
205,Asociación Niños del Cusco                                                                                              ,Cusco,Cusco,Wanchaq,Yañez Yañez  Luz Marina,Mujer y Desarrollo Social/Salud/
206,Asociación Nuevo Milenio para el Fomento y Desarrollo de la Educación Superior,Lima,Lima,Santiago De Surco,Dubois Doribal  Gladys Elvira,Educación/Mujer y Desarrollo Social/
207,Asociación Nuevos Pasos,La Libertad,Trujillo,Trujillo,Menendez Lapinet  Osvaldo Manuel,Educacióon/Mujer y Desarrollo Social/Salud/Trabajo y Promocion Social/Otros/
208,Asociación O.N.G. Chalacos en Acción,Lima,Callao,Callao,Aguilar Cardenas  Hilario,Educacion/Mujer Y Desarrollo Social/Salud/
209,Asociación Okinawense del Perú,Lima,Lima,Ate,Yara Chinen  Luis Arturo, Mujer Y Poblaciones Vulnerables/
210,Asociación Operación Sonrisa-Perú,Lima,Lima,Miraflores,D´Angelo Bernales  Francisco Humberto,Mujer Y Desarrollo Social/Salud/
211,Asociacion Oportunidades para la Vida,Lima,Lima,El Agustino,Rodriguez Cadillo  Edelvis Iraida,Educacion/Mujer y Desarrollo Social/Salud/Pcm/
212,Asociación Pachamama Manta Wua Wuan Cunapacc Perupi                                                                     ,Ica,Nazca,Vista Alegre,Mügge-Bruckert  Monika Charlotte,Mujer y Desarrollo Social/
,,,,,Arias Weiss  Rodolfo Mercedes,
213,Asociacion para el Desarrollo de Ancash y Zonas Aledañas,Ancash,Carhuaz,Carhuaz,Garcilazo Meza  Ambrocio Teodoro,Educacion/Mujer y Desarrollo Social/Salud/
214,Asociación para el Desarrollo de la Familia Zoe,Lima,Callao,Callao,Ortiz Ramirez  Alex,Educacion/Mujer y Desarrollo Social/Salud/
215,Asociacion para el Desarrollo Integral Shalom,Lima,Lima,Lima,Gomez Diaz Victoria  ,Educacion/Mujer y Desarrollo Social/Salud/
216,Asociación para el Desarrollo Sostenible del Perú,Lima,Lima,San Isidro,Obregon Ramirez  Celfia Edilberta,Educacion/Mujer y Desarrollo Social/Salud/
217,Asociación Pasitos de Esperanza,Lima,Lima,Independencia,Arenas Alfaro  Katia Roxana,Mujer y Desarrollo Social/Salud/
218,Asociacion Pastoral de Servicios Medico Asistenciales Clínica Adventista Ana Stahl de la Iglesia Adventista del Septimo Día,Loreto,Maynas,Iquitos,Chavez Idrogo  Enzo Ronald,Mujer y Desarrollo Social/Salud/
219,Asociacion Pastoral De Servicios Medico Asistenciales de Juliaca de La Iglesia Adventista del Septimo Día,Puno,San Roman,Juliaca,Chavez Idrogo  Enzo Ronald,Educacion/Mujer y Desarrollo Social/Salud/Otros/
220,Asociacion Pataz,La Libertad,Trujillo,Trujillo,Arias Vargas De Sologuren  Luz Evangelina,Agricultura/Educacion/Mujer y Desarrollo Social/Salud/Trabajo y Promoción Social/Otros/
221,Asociacion Perú Niñez,Lima,Lima,San Juan De Miraflores,Cortez Argandoña  Maria Del Carmen,Educacion/Mujer y Desarrollo Social/Salud/
222,Asociación Perú Yantalo Foundation,Lima,Lima,Miraflores,Vasquez Soplin  Cesar Luis,Mujer y Desarrollo Social/Salud/
,,,,,Samame Beltran  Carlos Manuel,
223,Asociacion Peruana de Ayuda al Necesitado,Lima,Callao,Callao,Carhuayo Jimenez  Ricardo Luis,Educacion/Mujer y Desarrollo Social/
224,Asociacion Peruana ee Ayuda para el Desarrollo Alternativo,Lima,Lima,Breña,Señas Rivera  Rodolfo,Mujer y Poblaciones Vulnerables/
225,Asociacion Peruana de la Hemofilia,Lima,Lima,Lima,Castro Abad  Carmen Emperatriz,Salud/
226,Asociacion Peruana de La Iglesia de Jesucristo de los Santos de los últimos Días,Lima,Lima,La Molina,Lino Diestra  David Diogenes,Educacion/Mujer y Desarrollo Social/Salud/
,,,,,Rebaza Atanacio  Armando,
227,Asociación Peruana de Patologias Oncológicas,Lima,Lima,San Martin De Porres,Grasso Neyra  Carmen Giancarla,Salud/
228,Asociación Peruana de Rehabilitación y Asistencia a la Persona con Discapacidad,Arequipa,Arequipa,Mariano Melgar,Aranda Rejas  Jose Humberto,Cultura/ Mujer y Poblaciones Vulnerables/
229,Asociación Peruana Mujer y Familia,Lima,Callao,Callao,Zevallos Ramirez  Maria Del Rosario,Educación/
,,,,,Vasquez Lopez  Carmen Julia,
230,Asociación Peruana Prodesarrollo Humanitario al Adulto Mayor,Lima,Lima,Jesus Maria,Velasquez De Carrion  Maria Beatriz,Educación/Mujer y Desarrollo Social/Salud/
231,Asociación Peruano Japonesa                                                                                             ,Lima,Lima,Jesus Maria,Kunigami Kunigami  Jorge,Educacion/Mujer y Desarrollo Social/Salud/
232,Asociación por los Niños Especiales y Otros Divino Niño Jesus - Mancora,Piura,Talara,Mancora,Cordova Casimiro  Maria Luz,Educacion/Mujer y Desarrollo Social/Salud/
233,Asociación Presbiteriana Betesda,La Libertad,Trujillo,La Esperanza,Hernandez Cobba  Ricardo Walter,Mujer y Desarrollo Social/
234,Asociación Pro-Ayuda a Caminar,Lima,Lima,Chorrillos,Pinto Ludeña  Jaime,Mujer y Desarrollo Social/
235,Asociación Progreso Crecimiento Emprendimiento y Desarrollo (Procede),Lima,Lima,San Borja,Lastres Ferrucci  Francisco Martin,Mujer y Poblaciones Vulnerables/
236,Asociación Promotora De Apostolado,Lima,Lima,Barranco,Ferreyros Brandon  Alfredo Martin,Educacion/Mujer y Desarrollo Social/Otros/
237,Asociación Promotora San Francisco Solano,Junín,Satipo,Satipo,Bernuy Jaramillo  Wolmar Yovanny,Educación/
238,Asociación Proyectos Perú,Ucayali,Coronel Portillo,Yarinacocha,Espinosa Castro  Eben Ezer,Mujer y Desarrollo Social/
239,Asociación Purisunchik Kuska Llapayanchik Warmakuna,Huancavelica,Huancavelica,Ascencion,De La Cruz Huaylla  Jose Antonio,Educación/Mujer y Desarrollo Social/Salud/
240,Asociación Quimiy,Lima,Lima,San Juan De Lurigancho,Alache Nakamura  Agustin,Educación/Mujer y Desarrollo Social/
241,Asociación Radio María                                                                                                  ,Lima,Lima,Jesus Maria,Alcantara Molina  Guillermo Francisco,Educación/Mujer y Desarrollo Social/Salud/Otros/
,,,,,Mendoza Mendoza  Julia Haydee,
,,,,,Vargas Escudero  Sergio Ricardo,
242,Asociación Red Cívica Solidaria,Lima,Lima,San Juan De Miraflores,Melendez Vicente  Karen Lisbeth,Mujer y Desarrollo Social/
243,Asociación Religiosa Cultural Jesucristo Adonai,Lima,Lima,San Martin De Porres,Pariasca Perez  Naval David,Educación/Salud/
244,Asociación Renacer International,Lima,Lima,San Martin De Porres,Suarez Mendoza  Edward Giancarlo,Educación/Mujer y Desarrollo Social/Salud/
245,Asociación Rumi Perú - Asrup,Lima,Lima,Santiago De Surco,Olivera Orellana  Gerardo Pedro,Educación/
246,Asociación Rumi Pirca,Lima,Lima,Chaclacayo,Zamora Gonzales  Junior Joel,Mujer y Poblaciones Vulnerables/
247,Asociación Runayay,Lima,Lima,Ate,Armero Caycho De Egg  Maria Rosario,Educacion/Mujer y Desarrollo Social/Salud/
248,Asociación San Lucas - Trujillo,La Libertad,Trujillo,Victor Larco Herrera,Aparicio Hernandez  Hernando,Mujer y Poblaciones Vulnerables/Educacion/Vivienda Construcción Y Saneamiento/
249,Asociación Sembrando Para Un Mundo Feliz,Lima,Lima,Chorrillos,Caceres Anaya  Salome Andres,Educación/Salud/Presidencia del Consejo de Ministros/
250,Asociación sin Fines de Lucro Mujeres Solidarias,Piura,Piura,Piura,Querevalu Manihuari  Mariela,Mujer y Poblaciones Vulnerables/Desarrollo e Inclusión Social/
251,Asociación sin Fines de Lucro: Caritas sin Lagrimas - Perú,Lima,Lima,San Martin De Porres,Machuca Meneses  Cesar Raul,Educación/Mujer y Desarrollo Social/Salud/
252,Asociación Sociocultural Santa Cruz de Ccaccasiri - Acoria - Huancavelica,Lima,Lima,El Agustino,Bendezu Ñahui  Maximiliana,Cultura/ Mujer y Poblaciones Vulnerables/
253,Asociacion Solidaria Internacional Retroalimentaria Instituto Luz Provida,Lima,Callao,Ventanilla,Huaman Cespedes  Moises,Educacion/Mujer y Desarrollo Social/
254,Asociación Solidaria Nuestras Voces,Lima,Lima,Lima,Baldeon Remuzgo  Martha Isabel,Educación/
255,Asociación Solidarios                                                                                            ,Lima,Lima,Santiago De Surco,Arana Wimpon De Acevedo  Alicia Maria,Educacion/Mujer y Desarrollo Social/
256,Asociación Sonqo Llaqta - Perú (Corazon de Mi Pueblo),Piura,Piura,Piura,Fossa Nish  Maria Antonieta,Educacion/Mujer y Desarrollo Social/
257,Asociación Sonrisas De Luz,Lima,Lima,Santiago De Surco,Oliveira Oliveira  Rocio Del Pilar,Mujer y Desarrollo Social/
258,Asociación Sonrisas Proyectos Integrales,Lima,Lima,San Juan De Lurigancho,Pautrat Maravi  Yolanda Maira,Educación/
259,Asociación Stella Maris                                                                                                 ,Lima,Lima,San Borja,Lujan Cebrecos  Jubitza Beatriz,Educacion/Mujer y Desarrollo Social/Pcm/
260,Asociación Suzuki del Perú,Lima,Lima,Jesus Maria,Canelo Marcet  Flor De Maria Martina,Educación/
261,Asociación Taller de los Niños,Lima,Lima,Magdalena Del Mar,Ramseyer Denbreaz  Christiane,Educacion/Mujer y Desarrollo Social/Salud/Trabajo y Promoción Social/Otros/
262,Asociación Tarpuna Wiñana,Lima,Lima,San Borja,Ferraro Rey  Carlos Felipe,Educación/Mujer y Desarrollo Social/
263,Asociación Tiempo de Crecer con Dignidad,Lima,Lima,Pueblo Libre,Salvador Rosado  Segundo Manuel,Mujer y Poblaciones Vulnerables/Educación/
264,Asociación Traperia Emaus Oasis del Salvador,Lima,Lima,Villa Maria Del Triunfo,Levano Rondoy  Javier Efrain,Mujer y Desarrollo Social/
265,Asociación Traperos de Emaus San Agustín,Lima,Lima,Chorrillos,Suarez Delgado  Juan Williams,Mujer y Desarrollo Social/
266,Asociación Traperos de San Pablo,Lima,Lima,Chorrillos,Ramos Cordova  Maria Graciela,Mujer y Desarrollo Social/
267,Asociación Trinity Hope,Lima,Lima,Los Olivos,Alpiste Velasquez  Maria Magdalena,Mujer y Desarrollo Social/
268,Asociación Unamonos,Arequipa,Arequipa,Arequipa,Muñoz Najar Friedrich  Pedro Alberto Carlos,Mujer y Poblaciones Vulnerables/
269,Asociación Unión Misión Perú - AUMP,Lima,Lima,Puente Piedra,Hwan Park  Young,Educacion/Mujer y Desarrollo Social/
270,Asociación Valverde Guillian,Lima,Lima,Pueblo Libre,Valverde Guillian  Marco Antonio,Educacion/Mujer y Desarrollo Social/Salud/Otros/
271,Asociación Vida Perú                                                                                             ,Lima,Lima,San Isidro,Baca Olazabal  Olga Matilde,Educacion/Salud/Pcm/
272,Asociación Vida Inclusión y Desarrollo,Lima,Lima,Lima,Leon Cabrera  Jorge Humberto,Educacion/Mujer y Desarrollo Social/Salud/Otros/
273,Asociación Virgen de Loreto,Lima,Lima,Santiago De Surco,Avalos Noblecilla  Patricia Julia,Mujer y Desarrollo Social/Salud/
274,Asociación Vision To All,Lima,Lima,Pueblo Libre,Gargurevich Godoy  Maria Teresa Del Carmen,Mujer y Poblaciones Vulnerables/
275,Association For Christian Learning-Perú,Cusco,Cusco,Wanchaq,Hobby  Steven John,Mujer y Poblaciones Vulnerables/Educación/ Salud/
276,Ayne Perú Trinitarias Solidaridad y Desarrollo,Lima,Lima,Puente Piedra,Alcazar Muñoz  Maria,Educacion/Salud/Trabajo y Promocion Social/
,,,,,Balarezo Flores  Doris Esperanza,
277,Ayuda Solidaria Educativa para el Fomento Del Empleo,Lima,Callao,Ventanilla,Cordova Fernandez  Raul,Cultura/ Mujer Y Poblaciones Vulnerables/
278,Ayudando a Vivir Mejor,Lima,Lima,San Borja,Rizo Patron Pasara  Jose Ignacio,Educacion/Mujer y Desarrollo Social/Salud/
279,Banco de Alimentos Perú,Lima,Lima,Miraflores,Guzman Zapata  Marita Del Socorro,Mujer y Poblaciones Vulnerables/Salud/
280,Bienestar Global,Puno,Puno,Puno,Mamani Tito  Henri Ore,Educación/Mujer y Desarrollo Social/Salud/
281,Buckner Orphan Care Perú ,Lima,Lima,Miraflores,Leon Vergara  Claudia Maria,Mujer y Desarrollo Social/
282,Care Perú,Lima,Lima,Jesus Maria,Stanojevich Destefano  Milovan,Educacion/Mujer y Desarrollo Social/Salud/
,,,,,Temple Arciniega  Ana Ines,
,,,,,Asca Cordano  Rosa Mercedes,
283,Caritas Chuquibamba Camana,Arequipa,Camana,Samuel Pastor,Saavedra Ramirez  Percy Fernando,Mujer y Desarrollo Social/
,,,,,Busquets Jorda  Mario,
284,Caritas del Perú                                                                                                        ,Lima,Callao,Callao,Serpa Carlos  Fanny Patricia,Mujer y Desarrollo Social/
,,,,,Mendoza Medina  Ramiro Benjamin,
285,Caritas Diocesana de Arequipa,Arequipa,Arequipa,Arequipa,Arriaga Pacheco  Cesar,Mujer y Desarrollo Social/
286,Caritas Diocesana de Iquitos,Loreto,Maynas,Iquitos,Olaortua Laspra  Miguel,Educacion/Salud/PCM/ Otros/
287,Caritas Huánuco,Huánuco,Huanuco,Huanuco,Rodriguez Salazar  Jaime,Mujer y Poblaciones Vulnerables/
288,Catedral de Fe Centro de Avivamiento,Lima,Lima,Lima,Ramos Medina  Arturo,Educacion/Mujer y Desarrollo Social/
289,Ce.Svi.Te.M. - Centro Sviluppo Terzo Mondo,La Libertad,Trujillo,Trujillo,Attilio  Sante Salviato,Educación/
290,Centro Alternativo para el Desarrollo Social,Lima,Huaura,Huacho,Urbano Franco  Victor Andres,Mujer y Poblaciones Vulnerables/Comercio Exterior y Turismo/Trabajo y Promoción del Empleo/
291,Centro Ann Sullivan del Perú,Lima,Lima,San Miguel,Mayo Ortega  Yolanda Liliana,Educación/
292,Centro Cerrito Azul del Perú - CECAP,Lima,Lima,San Juan De Miraflores,Sandoval Guerrero  Yris Mariela,Mujer y Desarrollo Social/
293,Centro Comunitario Oftalmológico Maranata,La Libertad,Trujillo,Trujillo,Kuroda De Burga  Kyooko,Educacion/Salud/
294,Centro Comunitario Oftalmológico Respice,Lima,Lima,Miraflores,Perez Martinot  Manuel Raul,Salud/
295,Centro Cultural Perú - Sican,Loreto,Maynas,Iquitos,Ugaz Aguinaga  Dolliveth Lucero,Educacion/Mujer y Desarrollo Social/ Cultura/
296,Centro de Apoyo al Desarrollo Agro-Socio-Económico,La Libertad,Trujillo,Trujillo,Cosavalente Moza  Francisco Neri,Mujer y Desarrollo Social/PCM/
297,Centro de Apoyo Armonización Salud y Cultura Splendor Casa Hogar para la Tercera Edad,Lima,Lima,Los Olivos,Castillo Herrera  Jose Luis,Educacion/Salud/
298,Centro de Atención Residencial Mahanaim,Lima,Lima,Cieneguilla,Carbajal Cartolin De Romero  Carmen Zoila,Mujer y Poblaciones Vulnerables/Educacion/ Salud/
299,Centro de Capacitacion Investigación y Desarrollo Yanapacuy,Arequipa,Arequipa,Arequipa,Apaza Mamani  Javier Alfredo,Mujer y Poblaciones Vulnerables/
300,Centro de Capacitacion y Desarrollo Social Peruano,Lima,Lima,Carabayllo,Pereyra Peña  Fortunato,Agricultura/Mujer y Desarrollo Social/Salud/
301,Centro de Desarrollo Abundia Perú,Junín,Huancayo,Huancayo,Tazza Matta  Rosana Rebeca,Mujer y Poblaciones Vulnerables/Trabajo y Promoción del Empleo/
302,Centro de Desarrollo y Responsabilidad Social para Mitigar la Pobreza - Perú,Lima,Lima,San Borja,La Rosa Yabar  Jose Antonio,Agricultura/Educacion/Mujer y Desarrollo Social/Salud/
303,Centro de Estudios para la Edificación con Tierra y el Desarrollo Sostenible ,Lima,Lima,Santiago De Surco,De Olarte Tristan  Jorge Luis,Agricultura/Educacion/Salud/Vivienda y Construcción/
304,Centro de Estudios para la Prevención y Corrección de Enfermedades Abdominales,Piura,Piura,Piura,Dedios La Madrid  Carlos Edmundo,Mujer y Desarrollo Social/Salud/
305,Centro de Formación y Desarrollo de la Familia,La Libertad,Trujillo,El Porvenir,Chavez Moya  Carlos Manuel,Mujer y Poblaciones Vulnerables/Educacion/
306,Centro de Información y Educación para la Prevención del Abuso de Drogas,Lima,Lima,Miraflores,Vassilaqui Castrillon  Alejandro,Educacion/Mujer y Desarrollo Social/
307,Centro de Prevención de Ceguera - Cusco,Cusco,Cusco,San Sebastian,Silva Guevara  Frilo,Mujer y Desarrollo Social/Salud/
308,Centro de Prevención del Cáncer y Ostomizados del Sur,Arequipa,Arequipa,Socabaya,Solis Zapana  Federico Jaime,Mujer y Poblaciones Vulnerables/Salud/
309,Centro de Promoción de Educación y Desarrollo Sociedad e Identidad,Lambayeque,Chiclayo,Monsefu,Arroyo Chafloque  Patricia Katherina,Educacion/Mujer y Desarrollo Social/Salud/Otros/
310,Centro de Promoción de la Equidad María Elena Moyano,Lima,Lima,Surquillo,Ramirez Salas  Madeleine,Mujer y Desarrollo Social/
311,Centro de Promoción del Desarrollo Humano de la Región Piura,Piura,Piura,Piura,Masias Cisneros  Juan,Agricultura/Economía y Finanzas/Educación/Mujer y Desarrollo Social/Salud/Transportes/ PCM/
312,Centro de Promoción Social de la Iglesia,Lima,Lima,San Miguel,Ramis Torrens  Sebastian,Mujer y Desarrollo Social/
313,Centro de Promoción Integración y Desarrollo Rural Urbano de Ayacucho,Ayacucho,Huamanga,Ayacucho,Castro Remon  Jorge Beltran,Educacion/Trabajo Y Promocion Social/
314,Centro de Rehabilitacion de Ciegos de Lima,Lima,Lima,Santiago De Surco,Zegarra Morales  Adela Cecilia,Educación/
315,Centro Educativo No Estatal Especial para Sordos Efata,Lima,Lima,Villa El Salvador,Frank Kotvas  Joseph,Educación/
316,Centro Luz de Almas,Lima,Lima,San Miguel,Morales Ruiz  Gloria Angelica,Educacion/Mujer y Desarrollo Social/Salud/
317,Centro Matriz de Superación - CMAS,Lima,Lima,San Miguel,Contreras Salazar  Maria Luisa,Educacion/Mujer y Desarrollo Social/
318,Centro Nacional del Voluntariado,Lima,Lima,San Isidro,Bravo Castillo  Oscar,Educacion/Salud/PCM/
319,Centro para el Desarrollo de la  Agricultura y la Salud en el Perú - CEDAS Perú,Lima,Lima,Pueblo Libre,Delgado Medina  Anyeli Felicitas,Mujer y Desarrollo Social/Salud/
320,Centro Pastoral San Vicente de Paul,Piura,Piura,Veintiseis De Octubre,Rumiche Morales  Laura,Mujer y Poblaciones Vulnerables/
321,Centro Peruano de Audición Lenguaje y Aprendizaje,Lima,Lima,Santiago De Surco,Fort Brescia De Mulder  Sylvia Maria Isabel,Salud/
,,,,,Matzumura Kasano  Maria Erlinda,
322,Cervi-Cusco,Cusco,Cusco,San Jeronimo,Venero Salas  Sami Emperatriz,Salud/
323,Circulos Sociales Catolicos-Movimiento De Accion Social,Arequipa,Arequipa,Paucarpata,Medina Bravo  Alicia Paula,Educacion/Mujer y Desarrollo Social/Salud/
324,Club de Leones de Arequipa,Arequipa,Arequipa,Arequipa,De Alarcon De La Torre  Rosa Victoria,Educación/
325,Club de Leones de Bellavista San José,Lima,Callao,Bellavista,Zumaeta Beffigo  Maria Consuelo,Mujer y Poblaciones Vulnerables/
326,Club de Leones de Cusco,Cusco,Cusco,Cusco,Vargas Pacheco  Joaquin,Educación/Mujer y Desarrollo Social/Salud/Otros/
327,Club de Leones de Iquitos                                                                                               ,Loreto,Maynas,Iquitos,Davila Valdivia  Rodolfo,Mujer y Desarrollo Social/
328,Club de Leones Javier Prado,Lima,Lima,San Luis,Castillo Arrasco De Mejia  Elva Rosa,Mujer y Desarrollo Social/Salud/
,,,,,Suclla Flores  Oscar Manuel,
329,Club de Leones La Recoleta,Lima,Lima,Santiago De Surco,Obando Mamani  Adela Eudocia,Educacion/Mujer y Desarrollo Social/Salud/
330,Club Deportivo Thag,Lima,Lima,El Agustino,Torres Inca  Carlos Raul,Cultura/
331,Colegio de La Inmaculada (Jesuitas)                                                                                     ,Lima,Lima,Santiago De Surco,Garaycochea Amat Y Leon  Jose Carlos,Educación/
332,Comisión Prelatural de Pastoral Social de Huamachuco,La Libertad,Sanchez Carrion,Huamachuco,Alvarado Rodriguez  Francisco Javier,Mujer y Desarrollo Social/
333,Compañia de Jesús - Comunidad de La Inmaculada,Lima,Lima,Santiago De Surco,Dolan Behler  Robert Louis,Otros/
334,Compañia de Jesús - Provincia del Perú,Lima,Lima,Jesus Maria,Diaz Gonzalez  Diego,Educacion/Mujer y Desarrollo Social/
335,Compañia de María (Marianistas),Lima,Lima,Pueblo Libre,Melcher Jukes  Philip Kent,Educación/
336,Comunidad Cristiana Cuerpo de Cristo                                                                                  ,Lima,Lima,Lima,Martin Goicochea  Valeriano,Educación/Mujer Y Desarrollo Social/
337,Comunidad Cristiana Rios de Milagros,Lima,Lima,Santa Anita,Hilario Pallarco  Julia Maxima,Desarrollo e Inclusión Social/Educación/
338,Comunidad Cristiana Cristo Vive,Lima,Callao,Bellavista,Lindembert Massironi  Maximo Elias,Otros/
339,Comunidad Cristiana del Espiritu Santo                                                                                  ,Lima,Lima,Breña,Sergio Perez  Jose Alberto,Mujer y Desarrollo Social/
340,Comunidad Cristiana Familiar Amor Eterno,Lima,Lima,Ate,Luiz Casavechi  Fernando,Educacion/Mujer y Desarrollo Social/Salud/Otros/
341,Comunidad Cristiana Restauracion,Lima,Callao,Carmen De La Legua Reynoso,Huarancca Vereau  Eccar Felix,Mujer y Poblaciones Vulnerables/
342,Comunidad Evangelica Cristo Rompe Las Cadenas,La Libertad,Trujillo,El Porvenir,Ponciano Andrade  Santiago Wilmer,Mujer y Poblaciones Vulnerables/Desarrollo e Inclusión Social/
343,Comunidad Jhire International,Lima,Lima,San Juan De Lurigancho,Tanta Huaccan  Bertha,Educación/Mujer y Desarrollo Social/Salud/
344,Comunidad Terapeutica Jesus Roca Que Salva,Lima,Lima,Villa El Salvador,Perez Gonzales  Karol Sarita Haydee,Mujer y Desarrollo Social/
345,Comunidad Traperos Aguilas Emaus,Piura,Piura,Piura,Leon Crisanto  Nestor Teodoro,Educación/Trabajo y Promoción Social/
346,Comunidad Traperos de Emaus - Trujillo,La Libertad,Trujillo,La Esperanza,Arellano Timana  Cesar Augusto,Educación/Mujer y Desarrollo Social/
347,Concejo Peruano de Profesionales para el Desarrollo en Salud y Educación,Lima,Lima,San Juan De Lurigancho,Carranza Garay  Karim Jhanek,Cultura/ Mujer y Poblaciones Vulnerables/Educación/
348,Congregacion  de Las Hermanas de La Misericordia de San Vicente de Paul,Ancash,Santa,Moro,Frick Gstoehl  Norma,Educación/Mujer y Desarrollo Social/Salud/PCM/
349,Congregacion Apostolicas del Corazon de Jesús,Lima,Lima,Breña,Cuba Manrique  Rosa Isabel,Educación/Mujer y Desarrollo Social/Otros/
350,Congregacion de Hermanas Mercedarias de La Caridad Provincia Jesucristo Redentor,Lima,Lima,La Molina,Mendoza Najar  Elsa Melita,Educacion/Salud/
351,Congregacion de Hermanitas de Los Ancianos Desamparados,Lima,Lima,Breña,Vinuesa Yebenes  Juliana,Educación/
352,Congregacion de Hijas de la Sabiduria,Lima,Lima,Jesus Maria,Mateus Camargo  Maria Isabel,Educacion/Mujer y Desarrollo Social/
353,Congregacion de la Misión (Padres Lazaristas O Paules O Vicentinos) en el Perú                                          ,Lima,Lima,Miraflores,Guillen Goñi  Pedro Javier,Mujer y Desarrollo Social/
,,,,,Garcia Matta  Jesus Gilberto,
354,Congregación de Las Hermanas del Buen Socorro en el Perú,La Libertad,Trujillo,La Esperanza,Pajuelo Ureña  Rosalinda,Educacion/Mujer Y Desarrollo Social/
355,Congregación de Los Hijos de la Inmaculada Concepción - Distrito Perú,Lima,Huarochiri,Santa Eulalia,Tapia  Santos Savino,Educacion/Salud/
356,Congregacion de los Padres de la Preciosa Sangre                                                                        ,Lima,Lima,San Borja,Ledesma Sanchez  Joseba Andoni,Educacion/Mujer y Desarrollo Social/
357,Congregacion de Los Padres Oblatos de San Jose de Asti                                                                  ,Lima,Lima,Barranco,Manrique Figueroa  Manuel Antonio,Educación/
358,Congregacion de Misioneros Hijos del Inmaculado Corazón de María - Misioneros Claretianos                               ,Lima,Lima,San Miguel,Bartra Navarro  Juan Carlos,Mujer y Desarrollo Social/
359,Congregacion de Nuestra Señora de la Caridad del Buen Pastor - Congregacion del Buen Pastor,Lima,Lima,Ate,Corvacho Levano  Gladys Alicia,Educación/
360,Congregacion de Padres de San Columbano                                                                                 ,Lima,Lima,Los Olivos,Vincent Gallagher  Cathal,Educación/Mujer y Desarrollo Social/
361,Congregacion de Religiosas Agustinas Hijas del Santisimo Salvador,Lima,Lima,Rimac,Cordova Huertas  Maria Eleodora,Educación/Mujer y Desarrollo Social/
362,Congregacion de Religiosas Franciscanas de La Inmaculada Concepcion                                                     ,Lima,Lima,Magdalena Del Mar,Orozco Henao  Maria,Educación/
363,Congregacion de Religiosas Hijas de Santa Ana                                                                           ,Lima,Lima,San Miguel,Altamirano Loayza  Blanca Estela,Educacion/Mujer y Desarrollo Social/Salud/Trabajo y Promocion Social/Otros/
364,Congregacion de Religiosas Mercedarias Misioneras                                                                       ,Lima,Lima,Lima,Taco Prado  Maria Ricardina,Educacion/Mujer y Desarrollo Social/
365,Congregacion de Religiosas Terciarias Trinitarias,Lima,Lima,Puente Piedra,Alcazar Muñoz  Maria,Educacion/Mujer y Desarrollo Social/Salud/Otros/
366,Congregacion Hermanas Misioneras Dominicas del Rosario Provincia de Santa Rosa de Lima,Lima,Lima,Pueblo Libre,Saavedra Gonzales  Esmilda,Educacion/Mujer y Desarrollo Social/Salud/
367,Congregacion Hijas De Maria Auxiliadora,Lima,Lima,Breña,Patiño Huaman  Gloria Luz,Educación/
368,Congregacion Misionera Laica Santisima Trinidad Albergue Hogar Cristiana Catolica,Ancash,Huaraz,Huaraz,Guimaray Lazaro  Eudocia,Mujer y Desarrollo Social/
369,Congregacion Misioneras De Jesus Verbo Y Victima,Lima,Lima,La Molina,Francia Zevallos  Rosario,Educacion/Salud/
370,Congregacion Misioneros De Los Santos Apostoles                                                                         ,Lima,Lima,Lima,Lara Navarro  Alberto Rene,Educacion/Mujer y Desarrollo Social/Salud/Otros/
371,Congregacion Religiosa Nuestra Señora de La Sabiduria Instituto Madri Pie - Filial Perú,Lima,Callao,Bellavista,Farias Diaz  Angelica Lourdes,Educación/
372,Congregacion Salesiana del Perú                                                                                       ,Lima,Lima,Breña,Dal Ben Lava  Santo,Educación/Salud/Trabajo y Promoción Social/Otros/
373,Congregación Siervas de San José - Provincia del Perú,Lima,Lima,Breña,Gomez Calleja  Carmen,Educacion/Mujer y Desarrollo Social/
374,Convencion Evangelica Bautista del Perú,Lima,Lima,Lima,Juarez Juarez  Domingo,Educacion/Mujer y Desarrollo Social/
375,Convento de la Buena Muerte,Lima,Lima,Lima,Morante Chiroque  Carlos E.,Educacion/Salud/
376,Cooperacion Integral al Desarrollo Social y Productivo,Lima,Lima,El Agustino,Pacheco Cajachagua  Marzoline Januario,Educacion/Salud/
377,Cooperacion Internacional para el Desarrollo de Los Pueblos- CIP (ONG),Lima,Lima,Lince,Bello Valderrama  Juan Walberto,Mujer y Poblaciones Vulnerables/
378,Corazones en Acción - Perú,Lima,Lima,La Molina,Guerrero Cabrera  Julia Albina,Educacion/Mujer y Desarrollo Social/Salud/Otros/
379,Corazones Unidos con las Personas con Discapacidad,Lima,Lima,Jesus Maria,Takury Suavo  Juanita Elizabeth,Mujer y Desarrollo Social/Salud/
380,Corban Perú (Sucursal),Ica,Ica,Ica,Lores Salinas  Maria Del Carmen Susana,Mujer y Poblaciones Vulnerables/
381,Cosecha Evangelistica en El Amazonas                                                                                    ,Loreto,Maynas,Iquitos,Mortimer  John Frederick,Educacion/Mujer y Desarrollo Social/
382,Cristianos Unidos,Lima,Lima,Santa Anita,Melendez Rojas  Luis Andres,Educacion/Mujer y Desarrollo Social/Salud/
383,Cruz Roja Alemana,Lima,Lima,Lince,Lindner  Andreas,Mujer y Desarrollo Social/Salud/PCM/
384,Cuerpos Sanitarios Internacionales - Cruz Roja Garibaldina - Fuerzas Internacionales Voluntarias de Socorro y de Paz,Lima,Lima,Ate,Werner Bucher  Martin,Educación/Mujer y Desarrollo Social/
385,Cultura Global,Lima,Lima,San Borja,Lavalle Terry  Erick Essenin,Mujer y Poblaciones Vulnerables/Educación/
386,Desarrollo Integral de Nuevo Pachacutec,Lima,Lima,San Isidro,Del Palacio Perez Medel  Jose Luis,Educación/Mujer y Desarrollo Social/Salud/Trabajo y Promocion Social/Otros/
387,Deseret International - Perú,Lima,Lima,Villa Maria Del Triunfo,Davila Rojas  Avelardo Segundo,Mujer y Poblaciones Vulnerables/Educación/
388,Ejercito de Salvación (The Salvation Army),Lima,Lima,Pueblo Libre,Marquez Zambrano  Manuel Guillermo,Mujer y Desarrollo Social/
,,,,,Valverde Sotelo  Nestor Raul,
389,El Eden del Divino Niño Jesús,Lima,Lima,Los Olivos,Siguas Donayre  Maria Luisa,Educacion/Mujer y Desarrollo Social/Salud/
390,El Rebaño de Jesús,Lima,Callao,Callao,Baglietto Quiñones  Maria Isabel,Mujer y Desarrollo Social/
391,Emaus Agua Viva,Lima,Lima,San Juan De Miraflores,Valqui Silvera  Franco Oswaldo,Mujer y Poblaciones Vulnerables/Presidencia Del Consejo De Ministros/
392,Emaus Divino Niño Jesus,Lima,Lima,Villa El Salvador,Reynoso Carpio  Manuel,Mujer y Poblaciones Vulnerables/
393,Emaus Juan Pablo Ii,Lima,Lima,Villa El Salvador,Pinedo Piña  Paullet Del Pilar,Mujer y Poblaciones Vulnerables/
394,Emaus Madre Teresa de Calcuta,Lima,Lima,Villa El Salvador,Ramos Choquehuanca  Javer Jose,Educacion/Mujer y Desarrollo Social/Salud/
395,Emaus Maria Auxiliadora,Lima,Lima,Villa Maria Del Triunfo,Vargas Calla  Jacinta Rosa,Mujer y Poblaciones Vulnerables/Presidencia del Consejo de Ministros/
396,Emaus Nuevo Mundo,Lima,Lima,Villa Maria Del Triunfo,Yauri Huari  Teddy Obdulio,Mujer y Poblaciones Vulnerables/
397,Empezamos Creciendo,Lima,Lima,Santiago De Surco,Duarte Urruchi  Carmen De Los Milagros Zoila,Educación/
398,Esperantra,Lima,Lima,Miraflores,Ruiz De Castilla Yabar  Eva Maria,Salud/
399,Estudios Biblicos En Comunidad - Peru,Lima,Lima,La Molina,Loli Tavara De Boggio  Carola Susana,Mujer y Poblaciones Vulnerables/
400,Eye Institute Of The Sacred Heart,Lima,Lima,Miraflores,Cheneffusse Duboc  Ingrid Teresa,Salud/
401,Facilitadores del Desarrollo Regional,Lima,Lima,Santiago De Surco,Valencia-Dongo Cardenas  Rafael Eduardo,Educación/Mujer Y Desarrollo Social/Salud/
402,Factor Sonrisa,Lima,Lima,Miraflores,Fuller Costa  Lee Edward,Salud/
403,Familia Trinitaria Perú,Lima,Lima,Lima,Jose Milton  Villalba Montiel,Mujer y Poblaciones Vulnerables/
404,Fomento de Investigación y Acción para el Desarrollo (FIAD),Piura,Piura,Piura,Balarezo Saldaña  Sergio Antonio,Agricultura/Educacion /Salud/
405,Fondo Social de Salud Ancianidad y Muerte - Filial Iepp,Lima,Lima,Lima,Saldaña Guevara  Oscar,Educación/Mujer Y Desarrollo Social/
406,Formación Educativa Cultural y Deportiva,Lima,Lima,Carabayllo,Mendo Quiroz  Jose Luis,Mujer y Poblaciones Vulnerables/
407,Fraternidad de Pastores de El Porvenir,La Libertad,Trujillo,El Porvenir,Toledo Esquibel  Juan Jose,Mujer y Poblaciones Vulnerables/Salud/
408,Fraternidad Sin Fronteras,Lima,Lima,San Martin De Porres,Alvarez Velasquez  Miguel Angel,Educación/Mujer y Desarrollo Social/Salud/
409,Fraternitas del Perú,Ancash,Casma,Casma,Holenstei  Mario Paul,Mujer y Desarrollo Social/
410,Fundación Amanda Jimeno,Lima,Lima,San Borja,Jimeno Nieto  Julio Manuel,Mujer y Desarrollo Social/Salud/
411,Fundación Anna D'ambrosio de Piscopo                                                                                    ,Lima,Lima,San Juan De Lurigancho,Ratti Calvi  Claudio,Educacion/PCM/
412,Fundación Augusto N. Wiese                                                                                              ,Lima,Lima,San Isidro,Wiese De Osma  Augusto Felipe,Mujer y Desarrollo Social/PCM/
413,Fundación Belcorp,Lima,Lima,San Isidro,Barbieri Alcalde  Daniela Carla,Mujer y Desarrollo Social/
414,Fundación Consoli,Lima,Lima,Miraflores,Consoli Noto  Vicenzo Piero,Educación/
415,Fundación Cristo Vive Perú,Cusco,Cusco,Cusco,Galiano Gutierrez  Ana Maria,Educacion/Justicia/Salud/
416,Fundación Cuna Nazareth                                                                                                 ,Lima,Lima,Chorrillos,Santa Cruz Espinoza  Carmen Rosa,Mujer y Desarrollo Social/
417,Fundación Damian De Molokai,Lima,Lima,Lima,Fort Barcelli  Miguel,Mujer y Desarrollo Social/
418,Fundación de Arte Contemporaneo,Lima,Lima,Barranco,Amico Anaya  Mateo,Educación/
419,Fundacion del Banco de Comercio,Lima,Lima,San Isidro,Hurtado Hurtado  Martha,Educación/Mujer y Desarrollo Social/
420,Fundación Don Bosco,Lima,Lima,Breña,Gorecki  Stefan Edward,Educación/Mujer y Desarrollo Social/
,,,,,Acuña Gallo  Raul Alberto,
,,,,,Cayo  Manuel Eduardo,
421,Fundación Felipe Antonio Custer,Lima,Lima,Magdalena Del Mar,Custer Hallett  Felipe Antonio,Educación/Mujer y Desarrollo Social/Otros/
422,Fundación Jesús Caminante,Arequipa,Arequipa,Yanahuara,Soriano Gonzales  Enrique,Mujer y Desarrollo Social/
423,Fundación Luis Dyer e Hijos,Ucayali,Coronel Portillo,Calleria,Dyer Ampudia  Osterlin Luis,Mujer y Poblaciones Vulnerables/Educación/
424,Fundación Oftalmológica del Norte Piura Perú                                                                           ,Piura,Piura,Piura,Pongo Aguila  Luis Humberto,Salud/
425,Fundación Oswaldo Kaufmann                                                                                              ,La Libertad,Trujillo,Trujillo,Contreras Zavaleta  Luis German,Economia y Finanzas/Educación/Mujer y Desarrollo Social/Salud/
426,Fundación para el Desarrollo Solidario,Lima,Lima,Barranco,Claux Koechlin  Ana Lucia,Salud/Trabajo y Promocion Social/Vivienda y Construcción/Otros/
,,,,,Llosa Barber  Alfredo Ernesto,
427,Fundación para la Vida Vivienda y Educacion,Puno,San Roman,Juliaca,Noa Fuentes  Teofilo Apolinar,Mujer y Poblaciones Vulnerables/Educacion/
428,Fundación Peruana Cardio-Infantil,Lima,Lima,San Isidro,Rodriguez Matta  Betty Del Pilar,Mujer y Desarrollo Social/
429,Fundación Peruana de Cáncer,Lima,Lima,Miraflores,De La Fuente Prem  Miguel,Salud/PCM/
430,Fundación Romero,Lima,Lima,Santiago De Surco,Seminario Maron  Maria Magdalena,Educación/Mujer y Desarrollo Social/Salud/
431,Fundación Santa Martha                                                                                                  ,Lima,Lima,Pachacamac,Cahuas Abusabal  Mario Roberto,Mujer y Desarrollo Social/Vivienda y Construcción/
432,Fundacion Stromme,Lima,Lima,Santiago De Surco,Tapia Porras  Susana,Mujer y Desarrollo Social/
433,Fundación Telefónica del Perú,Lima,Lima,Lima,Manzanares Gutierrez  Jose Javier,Mujer y Poblaciones Vulnerables/
434,Fundación Tintaya,Cusco,Espinar,Espinar,Arizabal Loaiza  Hernando Juan De Dios,Educación/Salud/
435,Fundacion Ubaldo Guillermo Arevalo Aguilar,Lima,Lima,Miraflores,Zamora Arroyo  Lilian,Mujer y Poblaciones Vulnerables/
436,Futuro Cajay-Peru,Lima,Lima,Los Olivos,Diaz Sanchez  Santa Ysabel,Educación/Mujer y Desarrollo Social/Salud/
437,Go Ye Ministries Inc.,La Libertad,Pacasmayo,Pacasmayo,Good Hard  Avis,Educación/Salud/Otros/
438,Grupo Gestor Kipece,Lima,Lima,Barranco,Effio Caballero  Enrique Eleazar,Educación/Mujer y Desarrollo Social/Salud/
439,Help Them Hope,Lima,Lima,San Luis,Whelam  John Gerard,Educación/
440,Help To Help,Lima,Callao,La Punta,Zarate Garcia De Alfaro  Mirella Enith,Mujer y Poblaciones Vulnerables/Salud/
441,Hermana Tierra,Lima,Callao,Callao,Eslava Calvo  Fernando Humberto,Mujer Y Desarrollo Social/Educacion/
442,Hogar Clinica San Juan de Dios                                                                                          ,Lima,Lima,San Luis,Hernandez Parra  Jose Daniel,Salud/
443,Hogar Clinica San Juan de Dios.,Arequipa,Arequipa,Cayma,Alaluna Navarro  Adolfo Felipe,Mujer y Poblaciones Vulnerables/Salud/
444,Hogar de Vida,Lima,Lima,Magdalena Del Mar,Leguia Puente  Humberto Jesus,Mujer y Desarrollo Social/Salud/
445,Hogar del Niño Peregrino Nuestra Señora del Prado,Lima,Lima,Santa Anita,Torres Aliguillen  Maria Luisa,Educacion/Mujer y Desarrollo Social/
446,Hogar Nazaret,Lima,Lima,San Isidro,Doñoro De Los Rios  Ignacio Maria,Mujer y Poblaciones Vulnerables/
447,Hogar San Camilo                                                                                                        ,Lima,Lima,Lima,Morante Chiroque  Carlos Eduardo,Educacion/Salud/
448,Hope For Children And Families,Lambayeque,Chiclayo,Chiclayo,Vasquez Bardales  Wendy Elizabeth,Mujer y Poblaciones Vulnerables/
449,Iglesia Adventista del Septimo Día                                                       ,Lima,Lima,Miraflores,Chavez Idrogo  Enzo Ronald,Educación/
450,Iglesia Alianza Cristiana Y Misionera del Perú                                                                    ,Lima,Lima,Pueblo Libre,Perez Rojas  Mario,Educacion/Mujer Y Desarrollo Social/
451,Iglesia Anglicana del Perú,Lima,Lima,Santiago De Surco,Godfrey  Harold William,Mujer y Poblaciones Vulnerables/Educación/
452,Iglesia Biblica Cristiana,Lima,Lima,La Molina,Vasquez Pazos  Miguel Andres,Educacion/
453,Iglesia Cristiana el Buen Samaritano-Perú,Lima,Lima,Santiago De Surco,Velit Flores  Natalia,Mujer y Poblaciones Vulnerables/
454,Iglesia Cristiana Pentecostes del Perú Movimiento Misionero Mundial                                                     ,Lima,Lima,La Victoria,Gonzalez Cruz  Rodolfo,Educacion/Mujer y Desarrollo Social/
455,Iglesia de Cristo Internacional Perú,Lima,Callao,Callao,Herrera Silva  Cesa Augusto,Educacion/Mujer y Desarrollo Social/
456,Iglesia de Dios Sociedad Misionera Mundial,Lima,Callao,Bellavista,Joo Cheol  Kim,Educacion/Salud/
457,Iglesia Evangelica Bautista Manantial de Vida,Lima,Lima,Villa Maria Del Triunfo,Flores Conislla  Raul,Educacion/Mujer y Desarrollo Social/
458,Iglesia Evangelica Buenas Nuevas de Salvación Balneario Pampachica,Loreto,Maynas,San Juan Bautista,Urdiales Gutierrez  Gustavo Fabian,Mujer y Poblaciones Vulnerables/Salud/
459,Iglesia Evangelica de Cristo del Perú a las Naciones,Lima,Lima,San Martin de Porres,Chavez Goicochea  Juan Eli,Educacion/Salud/
460,Iglesia Evangelica el Alfarero Cristo viene Pronto,Lima,Callao,Ventanilla,Jimenez Estrada  Freddy Edmundo,Mujer y Desarrollo Social/
461,Iglesia Evangelica Jesús Te Llama,Lima,Callao,Callao,Rugel Sanjines  Miguel Angel,Mujer y Desarrollo Social/
462,Iglesia Evangelica Pentecostal Ministerios Mundiales El Faro,Lima,Lima,San Juan De Miraflores,Kalinsky  Eleanor,Educacion/Mujer y Desarrollo Social/Salud/
463,Iglesia Evangelica Pentecostes Internacional Poder y Sanidad,Junín,Huancayo,Huancayo,De La Cruz Arotoma  Efrain,Mujer y Poblaciones Vulnerables/Presidencia del Consejo de Ministros/
464,Iglesia Evangelica Pentecostes Maranatha Cristo Viene,Lima,Lima,Lurigancho,Ponce Gutierrez  Fredy,Cultura/ Mujer Y Poblaciones Vulnerables/Educacion/
465,Iglesia Hermanos Misioneros Unidos,Lima,Lima,Ate,Sicha Quispe  Cesar,Educación/Mujer Y Desarrollo Social/Salud/
466,Iglesia la Casa de Dios Viviente,Lima,Callao,Ventanilla,Polo Ruiz  Edilberto David,Educacion/Mujer Y Desarrollo Social/
467,Iglesia Metodista Del Peru (IMP),Lima,Lima,Breña,Ochoa Jara  Javier Fernando,Educacion/
468,Iglesia y ONG Cristiana Soplo de Vida,Lima,Lima,Miraflores,Mariategui Cornejo  Maria Soledad,Mujer y Poblaciones Vulnerables/Desarrollo e Inclusión Social/Educación/
469,Impacto Cristiano - ONGD,Lambayeque,Chiclayo,Chiclayo,Bernard Pistone  Paul,Educacion/Mujer y Desarrollo Social/Salud/
470,Inmed Andes,Lima,Lima,Miraflores,Pfeiffer  Linda Susan,Educacion/Salud/
471,Institución Benefica Santa Rosa de Lima,Lima,Lima,Villa El Salvador,Palomino Flores  Jose Leonardo,Mujer y Poblaciones Vulnerables/Educacion/Presidencia del Consejo de Ministros/Salud/
472,Institución Privada Recaudadora de Recursos en Educación y Salud - Ciencia  Tecnología,Lima,Lima,San Isidro,Suarez Tello  Carlos Manuel,Mujer y Poblaciones Vulnerables/Educacion/
473,Instituto Biblico Calvary Chapel,Cajamarca,Cajamarca,Llacanora,Bonner  John Lyle,Mujer y Poblaciones Vulnerables/
474,Instituto Damos Visión,Lima,Lima,Jesus Maria,Gordillo Robles  Luz Josefina,Salud/
475,Instituto de Apoyo y Desarrollo Social Blansal,Arequipa,Arequipa,Cayma,Claus Nack  Volker,Educacion/Mujer y Desarrollo Social/Salud/
476,Instituto de Cooperación y Asistencia para la Educación y el Desarrollo Social,Lima,Lima,Los Olivos,Roman Villavicencio  Elmer Wladimir,Mujer y Desarrollo Social/
477,Instituto de Desarrollo Ambiental y Social,Lambayeque,Chiclayo,Jose Leonardo Ortiz,Mio Amaya  Hipolito,Educacion/Mujer y Desarrollo Social/Salud/Trabajo y Promocion Social/
478,Instituto de Desarrollo Ético de América ,Lima,Lima,Miraflores,Noriega Salaverry  Ricardo Manuel German,Agricultura/Salud/ Mujer y Poblaciones Vulnerables/
479,Instituto De Desarrollo Investigacion Y Progreso-Ong´D,Huancavelica,Huancavelica,Pilchaca,Camac Silva  Nelson Hernan,Mujer y Poblaciones Vulnerables/Educacion/
480,Instituto de Formacion de Adolescentes y Niños Trabajadores Nagayama Norio (Infant),Lima,Lima,San Juan De Miraflores,Cussianovich Villaran  Alejandro,Mujer y Desarrollo Social/
481,Instituto de Idiomas Cultura y Desarrollo,Junín,Jauja,Ataura,Sanguinetti Chirif  Maria Fiorina,Educacion/Mujer y Desarrollo Social/Salud/Trabajo y Promocion Social/Otros/
482,Instituto de Integración y Desarrollo Nacional,Lima,Huaura,Huacho,Gonzales Garcia  Marco Antonio,Mujer y Desarrollo Social/Salud/
483,Instituto de Investigación Nutricional                                                                                  ,Lima,Lima,La Molina,Penny Roberts  Mary Edith,Salud/
484,Instituto de Liderazgo y Desarrollo,San Martín,Rioja,Rioja,Hernandez Izquierdo  Noe,Educacion/Salud/
485,Instituto de Pastoral Andina                                                                                            ,Cusco,Cusco,Wanchaq,Rosillo Madrid  Rogger Paul,PCM/
486,Instituto de Prevención y Rehabilitación Oftalmológica de la Selva,San Martín,San Martin,Tarapoto,Arevalo Arevalo  Luis Felipe,Mujer y Poblaciones Vulnerables/Salud/
487,Instituto de Promoción e Iniciativas Locales,Lima,Lima,Lima,Ortiz Sotelo  Tomas,Agricultura/Trabajo Y Promocion Social/Pcm/
488,Instituto Hermanas Josefinas de La Caridad,Lima,Lima,Comas,Diaz Torres  Manuela Esther,Mujer y Desarrollo Social/
489,Instituto Interamericano Para el Fomento y Desarrollo de la Educacion (INIFE),Lima,Lima,San Juan De Lurigancho,Benavente Flores  Julio Cesar,Educación/
490,Instituto Internacional Educativo para el Desarrollo y Empleo Familiar                                                  ,Lima,Lima,Villa Maria Del Triunfo,Davila Rojas  Avelardo Segundo,Educación/
491,Instituto Mundo Libre,Lima,Lima,Pachacamac,De Cossio De Vivanco De Gonzales Posada  Maria Luisa Blanca Francisca,Educación/Mujer y Desarrollo Social/Salud/
492,Instituto Nacional un Tiempo Nuevo para el Perú,Lima,Lima,Ate,Aguirre Cachique  Virgilia,Mujer y Desarrollo Social/Salud/
493,Instituto para el Desarrollo e Integración Ocupacional para la Comunidad Urbana y Rural,Lima,Lima,Ate,Estrada Suarez  Justo,Mujer y Poblaciones Vulnerables/
494,Instituto para el Desarrollo y Apoyo Social Jardines de Santa Rosa de Lima,Lima,Lima,Santa Rosa,Jantsch Hertlein  Irmtraud Karin,Industria/Mujer y Desarrollo Social/
495,Instituto Peruano de Paternidad Responsable,Lima,Lima,Jesus Maria,Leon De Villalobos  Maria Elvira,Educación/Mujer y Desarrollo Social/Salud/Otros/
,,,,,Sebastiani De Lipari  Angela Maria,
496,Instituto Servidoras del Señor y de La Virgen de Matara,Arequipa,Arequipa,Tiabaya,Cardenas Villasante  Yuliana Yngrid,Educación/
497,Instituto Trabajo y Familia,Lima,Lima,Santiago De Surco,Giuria Chirinos  Luis Alberto,Educacion/Trabajo y Promoción Social/
498,Integración para el Desarrollo de la Educacion Agricultura y Salud del Perú,Lima,Lima,Magdalena Del Mar,Bruna Quispe  Toribio Tito,Educacion/PCM/
499,Jahzeel Promoviendo Vida ONG,Lima,Lima,Jesus Maria,Paz Herrera  Ernesto Enrique,Mujer y Poblaciones Vulnerables/
500,Jesús el Divino Redentor - Perú,Lima,Lima,Comas,Murrugarra Abanto  Maria Hayde,Mujer y Desarrollo Social/
501,Junta de la Misión Extranjera de la Convención de Bautistas del Sur,Lima,Lima,San Isidro,Glen Thompson  Monty,Mujer y Desarrollo Social/PCP/
502,Justicia Paz y Vida,Lima,Lima,Santiago De Surco,Diaz Arce  Vicente,Educacion/Salud/
503,Kanan Huarak,Lima,Lima,San Miguel,Torres Flores  Judith Beatriz,Educacion/Mujer Y Desarrollo Social/
504,La Alegria En El Señor,Lima,Lima,La Molina,Villaverde Justiniano  Maria Elena,Educacion/Mujer Y Desarrollo Social/Salud/
505,La Faz - Lineamiento De Apoyo En Fraternidad: Adonai Zarza Ardiente,Lima,Callao,Callao,Cabanillas Noriega  Jessica Elizabeth,Cultura/ Mujer y Poblaciones Vulnerables/
506,La Fuente Centro de Salud Integral,Cusco,Cusco,San Jeronimo,Nathan Andrew  Wilson,Mujer Y Desarrollo Social/Salud/
507,La Fuerza De La Amistad Asociacion Nacional De Discapacitados O.N.G. Peru-Italia,Huánuco,Huanuco,Huanuco,Zanchi  Gianfranco,Salud/
508,La Mesa Del Reino,Lima,Lima,San Miguel,Chuquitaype Quintana  Julia Griselda,Mujer Y Poblaciones Vulnerables/
509,La Misericordia De Dios Es Grande,Lima,Lima,Chorrillos,Quispe Aguado  Geneza Fortunata,Mujer y Poblaciones Vulnerables/
510,Las Misioneras Parroquiales Del Niño Jesus De Praga,Lima,Lima,Chorrillos,Barrera Vidal  Abigail,Educacion/Mujer y Desarrollo Social/
511,Liberate Lideres en Desarrollo Personal,Lima,Callao,La Perla,Morales Espinoza  Roberto Daniel,Mujer y Poblaciones Vulnerables/Presidencia del Consejo de Ministros/
512,Liga Biblica del Perú,Lima,Lima,Pueblo Libre,Lopez Rodriguez  Dario Andres,Mujer y Poblaciones Vulnerables/
513,Liga Peruana de Lucha contra el Cáncer                                                                                  ,Lima,Lima,Pueblo Libre,Dammert Ludowieg  Adolfo Rafael,Mujer y Desarrollo Social/Salud/
514,Liga Peruana de Lucha contra el Cancer - Filial Arequipa,Arequipa,Arequipa,Arequipa,Lopez Ticona  Gerson Edilberto,Educacion/Salud/
515,Liga Peruana de Lucha contra el Cancer de Trujillo,La Libertad,Trujillo,Trujillo,Gonzalez Rosell  Luis Miguel,Educacion/Salud/
516,Liga Peruana de Lucha contra el Cancer Filial Tingo María,Huánuco,Leoncio Prado,Rupa-Rupa,Guzman Silva  Marvel,Mujer y Poblaciones Vulnerables/Salud/
517,Los Niños Con Jesus,Lima,Lima,San Miguel,Romero Palacios  Hernan Eduardo,Educación/
518,Los Niños de la Ciudad de Dios,Lima,Lima,Lima,Aquino Huaman  Fabian,Mujer y Desarrollo Social/Salud/
519,Los Seguidores de San Judas Tadeo,Lima,Lima,Rimac,Calderon Ponce  Carlos Alberto,Mujer y Desarrollo Social/
520,Luces para la Humanidad ,Puno,San Roman,Juliaca,Ramos Ccarccasi  Juana,Agricultura/Trabajo y Promocion Social/Otros/
521,Luz del Mundo,Lima,Huaura,Santa Maria,Jara Castro  Carmen Livia,Educacion/Mujer y Desarrollo Social/Salud/
522,M.A.H.A.,Lima,Lima,Miraflores,Wolfgang Schemke  Hans,Educación/
523,Manos Amigas en Acción,Lima,Lima,Lince,Escalante Ormeño  Rosana Luisa,Educacion/Mujer y Desarrollo Social/Salud/
524,Md + Salud,Lima,Lima,Santiago De Surco,Muro Guerrero  Luis Alejandro,Educación/Salud/
525,Medical Ministry International - Peru,Arequipa,Arequipa,Paucarpata,Catacora Valdivia  Tania Aglae,Educación/Mujer y Desarrollo Social/Salud/
526,Medlife Sucursal del Perú,Lima,Lima,San Borja,Ellis  Nicolas Gerald,Mujer y Poblaciones Vulnerables/Educacion/
,,,,,Vidal Asencios  Jorge Magtver,
527,Mensajeros de Ayuda,Loreto,Maynas,Iquitos,Noriega Tejada  Nelton,Cultura/ Mujer y Poblaciones Vulnerables/Educación/
528,Miastenia Gravis,Lima,Lima,Jesus Maria,Segovia Medina  Maria Soledad,Mujer y Poblaciones Vulnerables/Salud/
529,Mil Voces Perú,Lima,Lima,Santiago De Surco,Bobadilla Paucar  Arturo Enrique,Mujer Y Poblaciones Vulnerables/
530,Mini Academia de Ciencia y Tecnología,Lima,Lima,Magdalena Del Mar,Johnson Contreras  Johana Milagros,Mujer Y Poblaciones Vulnerables/
531,Ministerio Booz,La Libertad,Trujillo,Trujillo,Moreno Escudero  Loyer Abdias,Mujer Y Poblaciones Vulnerables/Presidencia Del Consejo De Ministros/
532,Ministerio de Restauracion Compañero de Milicia,Lima,Callao,Callao,Mendoza Nole  Antonio Benjamin,Educacion/Mujer Y Desarrollo Social/Salud/
533,Ministerio Internacional de Desarrollo,Lima,Lima,San Isidro,Rosas Calderon  Christian,Educacion/Mujer Y Desarrollo Social/
534,Ministerio La Luz / Periodico Radio Y Television Cristiana La Luz,Lima,Lima,Lima,Lozano Perez  Isaias David,Educacion/Salud/
535,Ministerio La Voz de la Verdad Mision Interdenominacional O.N.G.D. De Una Comunidad Cristiana,La Libertad,Viru,Viru,Milla Nolasco  Policarpio Washington,Mujer Y Desarrollo Social/
536,Ministerio Restaurando Vidas Para Jesucristo - Jehova Jireh,Lima,Lima,Puente Piedra,Alva Barroso  Emidgio Oswaldo,Mujer Y Poblaciones Vulnerables/
537,Ministerio Torre de Esperanza Perú,Lima,Lima,Villa Maria Del Triunfo,Zapana Zapana  Alex Gamaliel,Mujer y Desarrollo Social/Salud/
538,Mision Buenas Nuevas,Lima,Lima,Lima,Seong Ju  Jo,Mujer y Poblaciones Vulnerables/Vivienda Construcción y Saneamiento/
539,Mision Cristiana Camino De Vida,Lima,Lima,Santiago De Surco,Barriger  Robert William,Educacion/Mujer Y Desarrollo Social/Salud/Otros/
540,Mision Cristiana Carismatica El Camino,Lima,Lima,Rimac,Orrego Guillen  Franz Jerry,Educacion/Mujer y Desarrollo Social/
541,Mision Cristiana Pentecostal Jesus La Luz del Mundo,Lima,Callao,Callao,Cardenas Rodriguez  Oscar Augusto,Educacion/Mujer y Desarrollo Social/
542,Misión de Dios Dirigida hacia las Mujeres y Niños,Lima,Lima,Independencia,Rios Suarez  Maria Elena,Educacion/Mujer y Desarrollo Social/Salud/
543,Mision del Sinodo Evangelico Luterano en el Perú,Lima,Lima,Lima,Haeuser  David Edwin,Mujer y Desarrollo Social/
544,Mision Evangelica Cristo para Todos,Loreto,Maynas,Iquitos,Yong Quina  Alfredo,Educación/Mujer y Desarrollo Social/Salud/Otros/
545,Mision Evangelica del Principe de Paz,Lima,Lima,Comas,Carpio Anco  Richard,Mujer y Poblaciones Vulnerables/
546,Misión Evangélica Pentecostal Independiente,Loreto,Maynas,Punchana,Romero Ahuite  Italo,Educación/
547,Misión Evangélica Pentecostes Casa de Oración,Lima,Callao,Ventanilla,Duran Godoy  Ysac,Mujer y Desarrollo Social/
548,Mision Padre Hijo y Espiritu Santo,Lima,Lima,Chorrillos,Alvarado Risco  Luis Alberto,Mujer y Poblaciones Vulnerables/
,,,,,Matos Levano  Marcos Julio,
549,Mision Peruana a Toda Criatura,Lima,Lima,Lince,Loyola Rios  Oscar Zenobio,Mujer y Desarrollo Social/Salud/
550,Misión Seminario Teológico Evangélico Presbiteriano del Perú,Lima,Lima,Lince,Sung Park  Eun,Mujer y Desarrollo Social/
,,,,,Soo Kim  Myung,
551,Mision Suiza en el Perú                                                                                           ,Ucayali,Coronel Portillo,Yarinacocha,Hanselmann  Richard,Educacion/
,,,,,Friedli Siegfried  Adrian,
552,Misioneras de Acción Social,Arequipa,Arequipa,Paucarpata,Ortiz Guillen  Amelia,Educacion/Mujer y Desarrollo Social/
553,Misioneros Combonianos del Corazón de Jesús                                                                             ,Lima,Lima,Santiago De Surco,Barrera Pacheco  Luis Alberto,Educacion/Mujer y Desarrollo Social/
554,Misiones del Agua Perú,Loreto,Maynas,San Juan Bautista,Simon Aponte  Juan Antonio,Vivienda Construcción y Saneamiento/
555,Misiones Medicas Internacionales Iford,Lima,Lima,Miraflores,Melt Campos  Victor Yosef,Salud/
556,Movimiento Apostolico de Laicos Ccrisma,Lima,Lima,San Miguel,Melgarejo Vergara  Julio Cesar,Educacion/Mujer y Desarrollo Social/
557,Movimiento Evangelistico Misionero,Lima,Lima,Lima,Angulo Vallejos  Justo Jesus,Educacion/Mujer y Desarrollo Social/Salud/
558,Niños Sordos de Las Américas,Lima,Lima,Lince,Cabrejos Del Castillo  Tatiana,Mujer y Poblaciones Vulnerables/
559,Nuestros Pequeños Hermanos-Perú,Lima,Cañete,San Vicente De Cañete,Venegas Lopez  Miguel Angel,Mujer y Desarrollo Social/
560,O.N.G. Amigos Unidos de Manchay,Lima,Lima,Pachacamac,Javier Añazco  Jorge,Mujer y Poblaciones Vulnerables/
561,O.N.G. Asociación para el Desarrollo de la Infraestructura Educativa en La Provincia de Jaen,Cajamarca,Jaen,Jaen,Guevara Lopez  Lesly Aracely,Educacion/Mujer Y Desarrollo Social/Salud/
562,O.N.G. Esperanza y Sonrisas,Lima,Lima,Comas,Apian Martinez  Orlando Saturnino,Educacion/
563,Oberle Perú Ayuda que da Vida,Lima,Lima,La Molina,Salas Dominguez  Sonia,Mujer y Desarrollo Social/
564,Oli Perú,Lima,Lima,San Isidro,Montagne Ucovich  Katja,Educacion/Salud/
565,Olive Branch Ministries Of Peru,Lima,Callao,Bellavista,Mesa Carbone  Juan Manuel,Mujer y Poblaciones Vulnerables/
,,,,,Martinez Guevara  Carlos Alberto,
566,ONG Amor de Madre,Lima,Callao,Callao,Alva De Caro  Rosa Elvira,Salud/Otros/
567,ONG Asociación Pro Desarrollo Perú - Vida,Lima,Lima,San Borja,Gomez Merino  Percy Javier,Educacion/Mujer y Desarrollo Social/
568,ONG Compartiendo Mundo Perú,Lima,Lima,Independencia,Zavala Bustos  Olga Janet,Mujer y Poblaciones Vulnerables/Desarrollo e Inclusión Social/
569,ONG el Buen Samaritano de San Juan de Miraflores - Ebssjm,Lima,Lima,Miraflores,Rodas Gutierrez  Willy Julian,Mujer y Poblaciones Vulnerables/
570,ONG Escuela de Futbol Amateur de San Juan de Lurigancho,Lima,Lima,San Juan De Lurigancho,Guarniz Tafur  Segundo Aparicio,Educacion/Salud/
571,Ong Esfuerzo y Desarrollo,Lima,Lima,Los Olivos,Purhuaya Condo  Julio Martin,Mujer Y Desarrollo Social/Salud/
572,Ong Khuska Centro de Apoyo Social y Ambiental,Lima,Lima,San Miguel,Almerco Hilario  Pamela Milagros,Cultura/Educacion/
573,ONG Kipkakiña Ayllu,Lima,Lima,San Borja,Rojas Carpena  Luis Enrique,Mujer  y Poblaciones Vulnerables/Desarrollo E Inclusión Social/
574,ONG Manos Fuertes,Lima,Lima,Miraflores,Vicente Medina  Pilar Maritza,Educacion/Mujer y Desarrollo Social/Salud/
,,,,,Colon  Julio Luis,
575,ONG Manos Solidarias - Perú,Lima,Lima,San Martín de Porres,Caruzo Alejo  Nila,Mujer y Poblaciones Vulnerables/
576,ONG Renovador Impulso,Lima,Lima,San Juan De Lurigancho,Galvez Yangali  Ludgarda Lucinda,Mujer y Desarrollo Social/
577,ONG Rincón de Luz,Lima,Lima,Chorrillos,Quiñones Tomasto  Vansessa Elena,Mujer y Poblaciones Vulnerables/
578,ONG Salvamento Auxilio Rescate Perú 127,Lima,Lima,San Juan de Lurigancho,Perez Sebastian  Wilson Javier,Mujer y Desarrollo Social/Presidencia Del Consejo De Ministros/
579,ONG Somos más que vencedores en Cristo Jesús ,Lima,Lima,La Molina,Olivas Ovalle  Jhonny,Educacion/Salud/Vivienda y Construcción/
580,ONG Todo Por Ustedes,Lima,Lima,San Borja,Salinas Lopez  Franco,Mujer y Desarrollo Social/
581,ONG-Redes de Cooperación para el Desarrollo,Lima,Lima,La Victoria,Lopez Chumbipuma  Felix Gaudencio,Mujer y Poblaciones Vulnerables/Presidencia del Consejo de Ministros/
582,ONG. Caritas Bienaventurados Del Peru,Lima,Lima,Santiago de Surco,Pasache Napa  Yhonny Nolbert,Mujer y Poblaciones Vulnerables/
583,ONG. Hawka Pacha,Lima,Lima,La Molina,Mayta Alecchi  Renato Antonio,Cultura/ Mujer y Poblaciones Vulnerables/
584,ONGD Corazones Milagrenses,La Libertad,Trujillo,Trujillo,Ulloa De La Cruz  Zara Teofila,Educacion/Mujer y Desarrollo Social/Salud/
585,ONGD por la Discapacidad en el Perú,Lima,Lima,La Molina,Urtecho Medina  Miluska Saribell,Educacion/Mujer y Desarrollo Social/Salud/
586,ONGD Tierra Nuestra-Perú,Lima,Lima,San Isidro,Gutierrez Muñoz  Jorge Alberto, Mujer y Poblaciones Vulnerables/Educacion/
587,ONGD Trascender Peru,Lima,Lima,San Isidro,Galvez Llanos  Jose Antonio,Mujer y Poblaciones Vulnerables/Educacion /Salud/
588,ONGD Vidas Dignas-Peru,Lima,Lima,Santiago De Surco,Rodriguez Soto  Roger Augusto,Mujer y Poblaciones Vulnerables/Educacion/
589,ONGD Almas Caritativas,Lima,Lima,Lurigancho,Arias Icho  Hector John,Mujer y Poblaciones Vulnerables/
590,ONGD Edgardo Merino H2o,Lima,Lima,Miraflores,Merino Helguero  Edgardo, Mujer Y Poblaciones Vulnerables/Educacion/
591,ONGD. Los Niños Alegres del Perú,Lima,Lima,La Victoria,Cisneros Morillo  Jaime Alfredo,Mujer y Poblaciones Vulnerables/
592,ONGD. Por Los Niños Y Su Educacion - Peru,Lima,Lima,San Miguel,Veliz De La Barrera  Gina Vanessa,Mujer y Poblaciones Vulnerables/
593,ONGD. Siempre a tu Lado - Perú,Lima,Lima,San Miguel,Tobaru Hirakawa  Jessika Beatriz,Mujer y Poblaciones Vulnerables/
594,ONGD. Sonrisas del Futuro - Perú,Lima,Lima,Los Olivos,Cortes Vasquez  Luis Alberto,Mujer y Poblaciones Vulnerables/
595,Operación Bendición Internacional Perú,Lima,Lima,Santiago De Surco,Arbaiza Canedo  Sandra Patricia,Educación/Mujer y Desarrollo Social/Salud/
596,Orden de Los Carmelitas en el Perú,Lima,Lima,Miraflores,Bacigalupo Del Corral  Miguel Alberto Mariano,Educacion/Mujer y Desarrollo Social/Salud/Otros/
597,Orden De Los Frailes Menores Capuchinos De San Francisco,Lima,Lima,Santiago De Surco,Alarcon Gomez  Jose Antonio,Mujer y Desarrollo Social/Otros/
,,,,,Cateriano Villasante  Hugo Gonzalo,
598,Orden De San Agustin: Provincia De Nuestra Señora De Gracia Del Peru,Lima,Lima,San Isidro,Lam Alania  Alexander Leoncio,Educación/
599,Orden Hospitalaria de San Juan de Dios,Lima,Lima,San Luis,Acuña Zamora  Felix,Mujer y Desarrollo Social/
600,Organismo No Gubernamental de Desarrollo Elite ,Huánuco,Huanuco,Amarilis,Pulgar Lucas  Enrique Orlando,Agricultura/Educacion/Industria/Turismo/Mujer y Desarrollo Social/Trabajo y Promocion Social/
601,Organismo No Gubernamental de Desarrollo Health Care And The Environment,Arequipa,Arequipa,Jose Luis Bustamante Y Rivero,Tito Marron  Jorge Luis,Salud/Vivienda Construcción y Saneamiento/
602,Organismo No Gubernamental Firemen & Health Hope,Lima,Lima,Santiago De Surco,Tuñoque Sandoval  Maria Florencia,Educacion/Salud/PCM/
603,Organismo No Gubernamental Firemen Working For You,Lima,Lima,Miraflores,Torres Fernandez  Jesus Zelmir,Mujer y Desarrollo Social/Salud/
604,Organismo No Gubernamental Para El Desarrollo En La Extrema Pobreza Nacional Los Chankas Perú,Apurimac,Andahuaylas,Andahuaylas,Flores Ortiz  Carlos Vladimir,Educacion/Turismo/Produccion/Mujer y Desarrollo Social/
605,Organizacion De Lucha Contra La Ceguera,Arequipa,Arequipa,Arequipa,Gonzalo Salas Villanueva  Giovanni Victor,Salud/
606,Organizacion Distrital De Los Comites Del Vaso De Leche De Santa Rosa,Lima,Lima,Santa Rosa,Echevarria Da Pena De Perez  Hilda,MujeryY Desarrollo Social/Salud/Otros/
607,Organización Filarmónica de Orquestas Juveniles e Infantiles del Perú - Organización Filarmónica,Lima,Lima,Lima,Arroyo Torres  Lila Milagros,Educacion/
608,Organizacion Internacional De Desarrollo,Lima,Lima,Lima,Salazar Olivares  Jacinto Vicente,Mujer Y Desarrollo Social/Salud/
609,Organizacion No Gubernamental Asociacion En Defensa De Los Derechos Del Consumidor San Francisco,Arequipa,Arequipa,Arequipa,Cardenas Quiroz  Federico Jorge,Mujer y Poblaciones Vulnerables/
610,Organizacion No Gubernamental De Desarrollo Peru Futbol,Lima,Lima,San Isidro,Puga Pomareda  Juan Jose,Educacion/Mujer y Desarrollo Social/
611,Organizacion No Gubernamental De Desarrollo Centro Cristiano De Accion Y Promocion Social,Cajamarca,Jaen,Jaen,Rojas Tantalean  Manuel Eleuterio,Educacion/Mujer y Desarrollo Social/Salud/Trabajo Y Promocion Social/Otros/
612,Organizacion No Gubernamental De Desarrollo Personas Vulnerables Leon De Juda,La Libertad,Trujillo,Trujillo,Ballesteros Meza  Gustavo Antonio,Educacion/Mujer y Desarrollo Social/Salud/
613,Organizacion No Gubernamental Para El Desarrollo Equitativo Y Sostenido Para America Latina O.N.G. D-E-S-A,Lima,Lima,San Juan De Miraflores,Carhuas Tineo  Raul Jose,Mujer y Poblaciones Vulnerables/Educacion/
614,Partido Aprista Peruano,Lima,Lima,Breña,Quezada Martinez  Werner Omar.,Educación/Mujer y Desarrollo Social/
615,Patronato De La Casa Del Adulto Mayor Francisca Navarrete De Carranza,Lima,Huaura,Huacho,Arellano Susano  Werchimans,Salud/PCM/
616,People Of Peru Project,Loreto,Maynas,San Juan Bautista,Bocanegra Gonzales  Julio David,Mujer y Desarrollo Social/Salud/
617,Peru Mission - Christian Missionary Society,La Libertad,Trujillo,Victor Larco Herrera,Avellaneda Fernandez  Jaime Ricardo,Educación/
618,Peruvian-American Medical Society Para El Peru ,Lima,Lima,San Isidro,Miranda Valencia  Oscar Jesus,Educacion/Mujer y Desarrollo Social/Salud/
619,Plataforma Redgam's Peru,Lima,Lima,Ate,Palomino Galarza  Zoila Aurora,Educacion/Mujer y Desarrollo Social/
620,Pro Espiritu Santo,Arequipa,Arequipa,Alto Selva Alegre,Bernal Szkuta  Jose Victor,Educacion/Mujer y Desarrollo Social/Salud/Trabajo y Promoción Social/Otros/
621,Programa De Apoyo Nutricional Basado En Soya (Pan-Soy),Lima,Lima,Miraflores,Ciudad Reynaud  Manuel Antonio,Mujer y Desarrollo Social/Salud/
622,Programa De Capacitacion Para Jovenes Sechuranos Buscando Un Futuro Mejor,Piura,Sechura,Sechura,Fiestas Curo  Jose Feliciano,Educacion/Mujer y Desarrollo Social/Salud/
623,Programa De Educacion Basica Laboral La Inmaculada,Lima,Lima,San Juan De Miraflores,Montes Lopez  Ofelia Isidora,Educacion/Mujer y Desarrollo Social/Salud/
624,Project Peru (Proyecto Peru),Lima,Lima,Puente Piedra,Alza Gomez  Karina Graciela,Educación/MujeryY Desarrollo Social/Salud/
625,Promocion Para El Desarrollo Integral Peru,Lima,Lima,San Miguel,Huaman Ascarza  Roxana Milagros,Mujer y Poblaciones Vulnerables/Educación/
626,Proteccion Civil Internacional,Lima,Lima,San Juan De Miraflores,Caceres Chacon  Juan Alberto,Mujer y Desarrollo Social/
627,Proyecto Amigo,Lima,Lima,Jesus Maria,Vidori  Mario,Educación/
628,Proyecto Arahuaca,Lima,Lima,Jesus Maria,Alamo Lopez  Juan Carlos,Educación/
629,Proyecto Familia Y Agroecologia ,Moquegua,Mariscal Nieto,Samegua,Aranda Juarez  Maria Rosa,Salud/
630,Proyecto Vida Mundial,Lima,Callao,Ventanilla,Ortiz Carhuapoma  Jhon Anderson,Mujer y Desarrollo Social/Salud/
631,Quechua Benefit,Arequipa,Arequipa,Arequipa,Tejeda Barzola  Mario Alejandro,Educacion/Mujer y Desarrollo Social/Salud/
632,Rainforest Ecoversity Center,Ucayali,Coronel Portillo,Yarinacocha,Cabrera Gongora  Limber,Educacion/Mujer y Desarrollo Social/Salud/
633,Reach Empower Advance Partnership Latin America,Lima,Huaura,Huacho,Ayala Perez  Manuel Erick,Mujer y Poblaciones Vulnerables/
634,Real Medicine Foundation Peru,Ica,Pisco,San Clemente,Mancini De Pujalt  Magali Natalia,Salud/
635,Red De Ayuda Humanitaria Internacional,Lima,Lima,Ate,Luiz Casavechi  Fernando,Educacion/Mujer y Desarrollo Social/Salud/
636,Redes Solidarias,Lima,Lima,La Victoria,Pulido Castillo  Juan Guillermo,Educacion/Mujer y Desarrollo Social/Salud/
637,Religiosas Del Sagrado Corazon De Jesus - Provincia Del Peru,Lima,Lima,Chorrillos,Durand Pardo  Carmen Elisa,Educación/
638,Remar Rehabilitacion De Marginados,Lima,Lima,Lima,Martin Goicoechea  Valeriano,Educacion/Mujer y Desarrollo Social/
639,Renovando Spacios Construyendo Nuevas Sociedades,Lima,Lima,Ate,Bedregal Utrilla  Oscar Junior,Educacion/Salud/
640,Respuestas En Genesis,Lima,Lima,La Molina,Aneurin Ramdath  Creous,Educacion/
641,Right To Play International,Lima,Lima,San Isidro,Sipan Castro  Doris Leslie,Educacion/Mujer Y Desarrollo Social/Salud/
642,Rotary Club De Iquitos,Loreto,Maynas,Iquitos,Vigo Silva  Violeta Del Carmen,Mujer y Desarrollo Social/
643,Rotary Club De San Isidro,Lima,Lima,Santiago De Surco,Ruiz Tello  Augusto,Mujer y Desarrollo Social/
644,Rotary Club El Rimac                                                                                                    ,Lima,Lima,Rimac,Toratto Fernandez  Marco Antonio,Mujer y Poblaciones Vulnerables/
645,Rotary Club La Molina Vieja,Lima,Lima,La Molina,Flores Vasquez  David Nicolas,Mujer y Desarrollo Social/Salud/
646,Rotary Club Lima Siglo XXI,Lima,Lima,San Borja,Olschewski De Saettone  Ana Maria,Trabajo y Promocion Social/
647,Rotary Club San Isidro Este,Lima,Lima,La Victoria,Huaylinos Maravi  Luis Alberto,Cultura/ Mujer y Poblaciones Vulnerables/Educacion/ Salud/
648,Runa Yachachik,Lima,Lima,Pueblo Libre,Asencio Ramirez  Patricia Elizabeht,Mujer y Desarrollo Social/Salud/
649,Samusocial Perú,Lima,Lima,Pueblo Libre,Raymonde Louviot  Catherine,Trabajo y Promocion Social/PCM/Otros/
,,,,,Seigneurie  Agnes Friant,
650,San Francisco de Asis,Lima,Lima,Chaclacayo,Lazzara Capello  Anthony,Educacion/Salud/
651,Santa Bernardita       ,Lima,Lima,San Martin De Porres,Cornelius Coney  Anthony,Mujer y Poblaciones Vulnerables/Educación/
652,Seamos Perú,Lima,Lima,San Juan De Miraflores,Nuñez Ricapa  Robert Martin,Mujer y Poblaciones Vulnerables/
653,Selva Esperanza-Peru,Loreto,Maynas,Iquitos,Del Aguila Pinedo  Rosa Valeria,Mujer y Poblaciones Vulnerables/Educacion/
654,Senzaconfini Onlus,Huánuco,Huanuco,Huanuco,Mendoza Dominguez  Wilgen  Lorenzo,Mujer y Desarrollo Social/Salud/
655,Servicios Sociales Solidarios Abate Pierre,Lima,Lima,Villa Maria Del Triunfo,Ponce Pardo  Lenin Leonel,Mujer y Poblaciones Vulnerables/Presidencia del Consejo de Ministros/
656,Sinodo Evangelico Luterano del Perú,Lima,Lima,Lima,Robles Rojas  Andres,Mujer y Desarrollo Social/
657,Sirviendo-Logrando Paz,Arequipa,Arequipa,Cayma,Busuttil  Alexander,Educación/Salud/
658,Sistema de Salud Verbo Encarnado,Ancash,Santa,Chimbote,Gomez Barrenechea  Lourdes Jesus,Mujer y Poblaciones Vulnerables/Educación/
,,,,,Hidalgo Vega  Julia Mercedes,
659,Sociedad Central de Beneficiencia China Ton Huy Chong Koc,Lima,Lima,Lima,Nong Shun  Lian Luo,Cultura/ Mujer y Poblaciones Vulnerables/
660,Sociedad de San Vicente De Paul                                                                                            ,Lima,Lima,Surquillo,Huaman Gutierrez  Efrain,Mujer y Poblaciones Vulnerables/
661,Sociedad Peruana De La Cruz Roja / Cruz Roja Peruana,Lima,Lima,Lima,Garcia Roca  Maria Josefina,Mujer y Desarrollo Social/Salud/
662,Socios en Salud Sucursal Perú,Lima,Lima,Lince,Lecca Garcia  Leonid Wilbert,Salud/
,,,,,Tamaki Kiyan  Jorge Antonio,
663,Solidaridad en Marcha                                                                                                   ,Lima,Lima,Barranco,Ambrozic Velezmoro  Jose,Agricultura/Educación/Mujer y Desarrollo Social/Salud/
664,Solidaridad y Esperanza Anna Margottini,Lima,Lima,Ate,Favero Miotti  Goretta,Educacióon/Mujer y Desarrollo Social/Salud/
665,Sonccollay Perú Corazoncito Perú,Lima,Lima,Lurigancho,Meza Huamancayo  Patricia Milagro,Educacion/Mujer y Desarrollo Social/Salud/
666,South America Mission Inc. (Filial Del Perú)                                                                            ,Ucayali,Coronel Portillo,Calleria,Simmons  David,Educación/Mujer y Desarrollo Social/Salud/
667,Stewardship Sinergia,La Libertad,Trujillo,La Esperanza,Cosavalente Fernandez  Ivan Ernesto,Mujer y Desarrollo Social/
668,Su Refugio Perú,Lima,Lima,La Molina,Orescu  Constantin Valentin,Mujer y Poblaciones Vulnerables/
669,Tambo de la Amistad,Cusco,Cusco,Cusco,Villegas Rodriguez  Susy Margarita,Mujer y Poblaciones Vulnerables/
670,The Gideons International In Perú,Lima,Lima,San Borja,Rojas Chavez  Reynaldo,Educación/
671,The Hope Alliance,Lima,Lima,San Martin De Porres,Olivera Escudero  Rosario Ysabel,Mujer y Desarrollo Social/
672,The Potter's Hand-Sirviendo A Niños Y Ancianos Del Peru,Lima,Lima,Santiago De Surco,Benson  Taylor James,Mujery Desarrollo Social/Salud/
673,Tierra De Niñ@S,Lima,Lima,Lince,Aviles Silva  Percy Benjamin,Educación/Mujer y Desarrollo Social/Salud/Vivienda y Construcción/
674,Tierra y Ser,Lima,Lima,Santiago De Surco,Schaefer Cuculiza  Lilian Erika Elia,Educación/Mujer y Desarrollo Social/Salud/
675,Trabajando para el Desarrollo de Cotabambas,Lima,Lima,Lurigancho,Salgueron Mendoza  Leonardo,Mujer y Desarrollo Social/
676,Traperia Emaus Arequipa,Lima,Lima,Chorrillos,Pinto Ludeña  Jaime,Mujer y Poblaciones Vulnerables/
677,Traperia Emaus Corazones Unidos,Lima,Lima,San Luis,Roldan Herrera  Jose,Mujer y Poblaciones Vulnerables/
678,Traperos de Emaus,Lima,Lima,Chorrillos,Conde Cartagena  Daniel Ignacio,PCM/ Mujer y Poblaciones Vulnerables/
679,Traperos de Emaus San Juan de Lurigancho,Lima,Lima,San Juan De Lurigancho,Antonio Mendoza  Juan Carlos,Mujer y Poblaciones Vulnerables/
680,Traperos de Emaus sede Principal,Lima,Lima,Chorrillos,Salazar Menor  Moises,Mujer y Poblaciones Vulnerables/
681,Traperos de Emaus Villa El Salvador,Lima,Lima,Villa El Salvador,Rojas Rivera  Jose Luis,Mujer y Desarrollo Social/Salud/
682,Un Futuro Para Todos-Perú,Lima,Lima,San Martin De Porres,Ambrosio Espinoza  Yoel,Educacion/Mujer y Desarrollo Social/Salud/
683,Un Nuevo Amanecer,Lima,Lima,Los Olivos,Ruiz Chumpitaz  Maria Victoria,Mujer y Poblaciones Vulnerables/Salud/
684,Un Talento con Esperanza,Lima,Lima,Chorrillos,Urbina Urquizo  Virginia Ines,Mujer y Poblaciones Vulnerables/Presidencia del Consejo de Ministros/
685,Union Biblica del Perú,Lima,Lima,Lima,Lucen Hashimoto  Juan Andres,Educación/Salud/
686,Unión de Obras de Asistencia Social,Lima,Lima,Miraflores,Persivale De Stenning  Rosana Maria,Educación/Mujer y Desarrollo Social/Salud/
687,Union Peruana de los Adventistas del Septimo Día Movimiento de Reforma                                                  ,Lima,Lima,Breña,Rodriguez Cabañas  Manuel Jesus,Educacion/Mujer y Desarrollo Social/Salud/
688,United Way Peru,Lima,Lima,Miraflores,Leverone Muñoz  Alessandra Rosalina,Mujer y Desarrollo Social/
,,,,,Mellet Bisetti  Jeanine Giselle,
689,Urpi-Wasi,Cusco,Cusco,Santiago,Casanova Mirer  Barbara Christine,Mujer y Desarrollo Social/PCM/
690,Vida Integral con Dignidad,Lima,Lima,Lima,Valdivia Safra  Luis Arturo,Educación/Mujer y Desarrollo Social/Salud/
691,Vida y Familia,Arequipa,Arequipa,Arequipa,Muñoz-Najar Friedrich  Alberto Carlos,Educación/Salud/Ambiente/
692,Villa Corazón de Buda,Lima,Lima,Cieneguilla,Meng Yu  James Chie,Educación/
693,Visión Acción con Futuro,Loreto,Maynas,Iquitos,Pereyra Navarro De Sibina  Laura Isabel,Educación/Mujer y Desarrollo Social/Salud/Trabajo y Promoción Social/Otros/
694,Visión Suiza Alemana,Lima,Lima,Miraflores,Bosshard  Tobias,Educación/Mujer y Desarrollo Social/
,,,,,Martin Stump  Christian,
695,Waves For Development Peru,Lima,Lima,Miraflores,Amico Tudela  Daniela,Educación/
696,Westfalia Kinderdorf Asociacion Peruana                                                                                 ,Lima,Lima,Santiago De Surco,Schrader Schmidt  Liselotte,Educación/Mujer y Desarrollo Social/
697,World Vision International                                                                                              ,Lima,Lima,Jesus María,Castro Aguilar  Yvan,Agricultura/Educacion/Mujer y Desarrollo Social/PCM/
698,World Vision Peru,Lima,Lima,Jesus María,Castro Aguilar  Yvan,Mujer y Desarrollo Social/
699,Yachayhuasi Andina,Arequipa,Castilla,Aplao,Paredes Tirado  Adolfo Domidel,Mujer y Desarrollo Social/PCM/
